step,position,health_level,resource_level,air_pollution,ground_pollution
0,"(0, 1)",100.0,90.0,0.0,0.0
0,"(0, 8)",100.0,60.3,0.0,0.0
0,"(1, 1)",100.0,90.0,0.0,0.0
0,"(1, 3)",100.0,80.0,0.0,0.0
0,"(1, 5)",100.0,70.3,0.0,0.0
0,"(1, 9)",100.0,100.0,0.0,0.0
0,"(2, 0)",100.0,80.3,0.0,0.0
0,"(2, 6)",100.0,80.0,0.0,0.0
0,"(2, 7)",100.0,90.0,0.0,0.0
0,"(2, 8)",100.0,100.0,0.0,0.0
0,"(3, 8)",100.0,70.0,0.0,0.0
0,"(4, 2)",100.0,50.3,0.0,0.0
0,"(5, 4)",100.0,80.3,0.0,0.0
0,"(5, 5)",100.0,70.3,0.0,0.0
0,"(5, 8)",100.0,80.0,0.0,0.0
0,"(6, 1)",100.0,60.3,0.0,0.0
0,"(6, 6)",100.0,60.3,0.0,0.0
0,"(6, 7)",100.0,100.0,0.0,0.0
0,"(7, 7)",100.0,70.0,0.0,0.0
0,"(8, 6)",100.0,100.0,0.0,0.0
0,"(9, 5)",100.0,100.0,0.0,0.0
0,"(9, 9)",100.0,70.3,0.0,0.0
1,"(0, 1)",100.0,80.3,0.0,0.0
1,"(0, 8)",100.0,20.599999999999994,0.0,0.0
1,"(1, 1)",100.0,80.3,0.0,0.0
1,"(1, 3)",100.0,60.3,0.0,0.0
1,"(1, 5)",100.0,40.599999999999994,0.0,0.0
1,"(1, 9)",100.0,100.0,0.0,0.0
1,"(2, 0)",100.0,60.599999999999994,0.0,0.0
1,"(2, 6)",100.0,65.3,0.0,0.0
1,"(2, 7)",100.0,75.3,0.0,0.0
1,"(2, 8)",100.0,85.3,0.0,0.0
1,"(3, 8)",100.0,55.3,0.0,0.0
1,"(4, 2)",100.0,0.5999999999999979,0.0,0.0
1,"(5, 4)",100.0,55.599999999999994,0.0,0.0
1,"(5, 5)",100.0,45.599999999999994,0.0,0.0
1,"(5, 8)",100.0,60.3,0.0,0.0
1,"(6, 1)",100.0,20.599999999999994,0.0,0.0
1,"(6, 6)",100.0,37.06666666666666,0.0,0.0
1,"(6, 7)",100.0,77.06666666666666,0.0,0.0
1,"(7, 7)",100.0,47.06666666666666,0.0,0.0
1,"(8, 6)",100.0,100.0,0.0,0.0
1,"(9, 5)",100.0,100.0,0.0,0.0
1,"(9, 9)",100.0,40.599999999999994,0.0,0.0
2,"(0, 1)",100.0,70.6,0.0,0.0
2,"(0, 8)",100.0,0.8999999999999944,0.0,0.0
2,"(1, 1)",100.0,70.6,0.0,0.0
2,"(1, 3)",100.0,40.599999999999994,0.0,0.0
2,"(1, 5)",100.0,10.899999999999995,0.0,0.0
2,"(1, 9)",100.0,100.0,0.0,0.0
2,"(2, 0)",100.0,40.89999999999999,0.0,0.0
2,"(2, 6)",100.0,50.599999999999994,0.0,0.0
2,"(2, 7)",100.0,60.599999999999994,0.0,0.0
2,"(2, 8)",100.0,70.6,0.0,0.0
2,"(3, 8)",100.0,40.599999999999994,0.0,0.0
2,"(4, 2)",100.0,0.8999999999999979,0.0,0.0
2,"(5, 4)",100.0,30.899999999999995,0.0,0.0
2,"(5, 5)",100.0,20.89999999999999,0.0,0.0
2,"(5, 8)",100.0,40.599999999999994,0.0,0.0
2,"(6, 1)",100.0,0.8999999999999944,0.0,0.0
2,"(6, 6)",100.0,14.033333333333324,0.0,0.0
2,"(6, 7)",100.0,54.033333333333324,0.0,0.0
2,"(7, 7)",100.0,24.033333333333324,0.0,0.0
2,"(8, 6)",100.0,100.0,0.0,0.0
2,"(9, 5)",100.0,100.0,0.0,0.0
2,"(9, 9)",100.0,10.899999999999995,0.0,0.0
3,"(0, 1)",100.0,60.89999999999999,0.0,0.0
3,"(0, 8)",100.0,1.1999999999999944,0.0,0.0
3,"(1, 1)",100.0,60.89999999999999,0.0,0.0
3,"(1, 3)",100.0,20.89999999999999,0.0,0.0
3,"(1, 5)",100.0,1.199999999999995,0.0,0.0
3,"(1, 9)",100.0,100.0,0.0,0.0
3,"(2, 0)",100.0,21.199999999999992,0.0,0.0
3,"(2, 6)",100.0,35.89999999999999,0.0,0.0
3,"(2, 7)",100.0,45.89999999999999,0.0,0.0
3,"(2, 8)",100.0,55.89999999999999,0.0,0.0
3,"(3, 8)",100.0,25.89999999999999,0.0,0.0
3,"(4, 2)",100.0,1.199999999999998,0.0,0.0
3,"(5, 4)",100.0,6.199999999999991,0.0,0.0
3,"(5, 5)",100.0,16.199999999999992,0.0,0.0
3,"(5, 8)",100.0,20.89999999999999,0.0,0.0
3,"(6, 1)",100.0,1.1999999999999944,0.0,0.0
3,"(6, 6)",100.0,10.99999999999999,0.0,0.0
3,"(6, 7)",100.0,30.99999999999999,0.0,0.0
3,"(7, 7)",100.0,0.9999999999999893,0.0,0.0
3,"(8, 6)",100.0,100.0,0.0,0.0
3,"(9, 5)",100.0,100.0,0.0,0.0
3,"(9, 9)",100.0,1.199999999999995,0.0,0.0
4,"(0, 1)",100.0,51.19999999999999,0.0,0.0
4,"(0, 8)",100.0,1.4999999999999944,0.0,0.0
4,"(1, 1)",100.0,51.19999999999999,0.0,0.0
4,"(1, 3)",100.0,1.1999999999999922,0.0,0.0
4,"(1, 5)",100.0,1.4999999999999951,0.0,0.0
4,"(1, 9)",100.0,100.0,0.0,0.0
4,"(2, 0)",100.0,1.499999999999993,0.0,0.0
4,"(2, 6)",100.0,21.19999999999999,0.0,0.0
4,"(2, 7)",100.0,31.19999999999999,0.0,0.0
4,"(2, 8)",100.0,41.19999999999999,0.0,0.0
4,"(3, 8)",100.0,11.199999999999989,0.0,0.0
4,"(4, 2)",100.0,1.499999999999998,0.0,0.0
4,"(5, 4)",100.0,11.499999999999993,0.0,0.0
4,"(5, 5)",100.0,1.4999999999999922,0.0,0.0
4,"(5, 8)",100.0,1.1999999999999922,0.0,0.0
4,"(6, 1)",100.0,1.4999999999999944,0.0,0.0
4,"(6, 6)",100.0,14.633333333333324,0.0,0.0
4,"(6, 7)",100.0,14.633333333333324,0.0,0.0
4,"(7, 7)",100.0,4.633333333333324,0.0,0.0
4,"(8, 6)",100.0,100.0,0.0,0.0
4,"(9, 5)",100.0,100.0,0.0,0.0
4,"(9, 9)",100.0,1.4999999999999951,0.0,0.0
5,"(0, 1)",100.0,41.499999999999986,0.0,0.0
5,"(0, 8)",100.0,1.7999999999999945,0.0,0.0
5,"(1, 1)",100.0,41.499999999999986,0.0,0.0
5,"(1, 3)",100.0,1.4999999999999922,0.0,0.0
5,"(1, 5)",100.0,1.7999999999999952,0.0,0.0
5,"(1, 9)",100.0,100.0,0.0,0.0
5,"(2, 0)",100.0,1.799999999999993,0.0,0.0
5,"(2, 6)",100.0,6.499999999999989,0.0,0.0
5,"(2, 7)",100.0,16.49999999999999,0.0,0.0
5,"(2, 8)",100.0,26.49999999999999,0.0,0.0
5,"(3, 8)",100.0,6.499999999999989,0.0,0.0
5,"(4, 2)",100.0,1.799999999999998,0.0,0.0
5,"(5, 4)",100.0,6.799999999999993,0.0,0.0
5,"(5, 5)",100.0,6.799999999999993,0.0,0.0
5,"(5, 8)",100.0,1.4999999999999922,0.0,0.0
5,"(6, 1)",100.0,1.7999999999999945,0.0,0.0
5,"(6, 6)",100.0,11.59999999999999,0.0,0.0
5,"(6, 7)",100.0,11.59999999999999,0.0,0.0
5,"(7, 7)",100.0,1.5999999999999908,0.0,0.0
5,"(8, 6)",100.0,100.0,0.0,0.0
5,"(9, 5)",100.0,100.0,0.0,0.0
5,"(9, 9)",100.0,1.7999999999999952,0.0,0.0
6,"(0, 1)",100.0,31.799999999999983,0.0,0.0
6,"(0, 8)",100.0,2.0999999999999943,0.0,0.0
6,"(1, 1)",100.0,31.799999999999983,0.0,0.0
6,"(1, 3)",100.0,1.7999999999999923,0.0,0.0
6,"(1, 5)",100.0,2.099999999999995,0.0,0.0
6,"(1, 9)",100.0,100.0,0.0,0.0
6,"(2, 0)",100.0,2.099999999999993,0.0,0.0
6,"(2, 6)",100.0,14.29999999999999,0.0,0.0
6,"(2, 7)",100.0,4.29999999999999,0.0,0.0
6,"(2, 8)",100.0,14.29999999999999,0.0,0.0
6,"(3, 8)",100.0,4.29999999999999,0.0,0.0
6,"(4, 2)",100.0,2.099999999999998,0.0,0.0
6,"(5, 4)",100.0,7.0999999999999925,0.0,0.0
6,"(5, 5)",100.0,7.0999999999999925,0.0,0.0
6,"(5, 8)",100.0,1.7999999999999923,0.0,0.0
6,"(6, 1)",100.0,2.0999999999999943,0.0,0.0
6,"(6, 6)",100.0,8.566666666666658,0.0,0.0
6,"(6, 7)",100.0,8.566666666666658,0.0,0.0
6,"(7, 7)",100.0,8.566666666666658,0.0,0.0
6,"(8, 6)",100.0,100.0,0.0,0.0
6,"(9, 5)",100.0,100.0,0.0,0.0
6,"(9, 9)",100.0,2.099999999999995,0.0,0.0
7,"(0, 1)",100.0,22.09999999999998,0.0,0.0
7,"(0, 8)",100.0,2.399999999999994,0.0,0.0
7,"(1, 1)",100.0,22.09999999999998,0.0,0.0
7,"(1, 3)",100.0,2.099999999999992,0.0,0.0
7,"(1, 5)",100.0,2.399999999999995,0.0,0.0
7,"(1, 9)",100.0,100.0,0.0,0.0
7,"(2, 0)",100.0,2.399999999999993,0.0,0.0
7,"(2, 6)",100.0,9.59999999999999,0.0,0.0
7,"(2, 7)",100.0,9.59999999999999,0.0,0.0
7,"(2, 8)",100.0,9.59999999999999,0.0,0.0
7,"(3, 8)",100.0,9.59999999999999,0.0,0.0
7,"(4, 2)",100.0,2.3999999999999977,0.0,0.0
7,"(5, 4)",100.0,7.399999999999992,0.0,0.0
7,"(5, 5)",100.0,7.399999999999992,0.0,0.0
7,"(5, 8)",100.0,2.099999999999992,0.0,0.0
7,"(6, 1)",100.0,2.399999999999994,0.0,0.0
7,"(6, 6)",100.0,8.866666666666658,0.0,0.0
7,"(6, 7)",100.0,8.866666666666658,0.0,0.0
7,"(7, 7)",100.0,8.866666666666658,0.0,0.0
7,"(8, 6)",100.0,100.0,0.0,0.0
7,"(9, 5)",100.0,100.0,0.0,0.0
7,"(9, 9)",100.0,2.399999999999995,0.0,0.0
8,"(0, 1)",100.0,12.39999999999998,0.0,0.0
8,"(0, 8)",100.0,2.699999999999994,0.0,0.0
8,"(1, 1)",100.0,12.39999999999998,0.0,0.0
8,"(1, 3)",100.0,2.399999999999992,0.0,0.0
8,"(1, 5)",100.0,2.699999999999995,0.0,0.0
8,"(1, 9)",100.0,100.0,0.0,0.0
8,"(2, 0)",100.0,2.6999999999999926,0.0,0.0
8,"(2, 6)",100.0,9.899999999999991,0.0,0.0
8,"(2, 7)",100.0,9.899999999999991,0.0,0.0
8,"(2, 8)",100.0,9.899999999999991,0.0,0.0
8,"(3, 8)",100.0,9.899999999999991,0.0,0.0
8,"(4, 2)",100.0,2.6999999999999975,0.0,0.0
8,"(5, 4)",100.0,7.699999999999992,0.0,0.0
8,"(5, 5)",100.0,7.699999999999992,0.0,0.0
8,"(5, 8)",100.0,2.399999999999992,0.0,0.0
8,"(6, 1)",100.0,2.699999999999994,0.0,0.0
8,"(6, 6)",100.0,9.166666666666659,0.0,0.0
8,"(6, 7)",100.0,9.166666666666659,0.0,0.0
8,"(7, 7)",100.0,9.166666666666659,0.0,0.0
8,"(8, 6)",100.0,100.0,0.0,0.0
8,"(9, 5)",100.0,100.0,0.0,0.0
8,"(9, 9)",100.0,2.699999999999995,0.0,0.0
9,"(0, 1)",100.0,2.6999999999999815,0.0,0.0
9,"(0, 8)",100.0,2.999999999999994,0.0,0.0
9,"(1, 1)",100.0,2.6999999999999815,0.0,0.0
9,"(1, 3)",100.0,2.6999999999999917,0.0,0.0
9,"(1, 5)",100.0,2.9999999999999947,0.0,0.0
9,"(1, 9)",100.0,100.0,0.0,0.0
9,"(2, 0)",100.0,2.9999999999999925,0.0,0.0
9,"(2, 6)",100.0,10.199999999999992,0.0,0.0
9,"(2, 7)",100.0,0.19999999999999218,0.0,0.0
9,"(2, 8)",100.0,10.199999999999992,0.0,0.0
9,"(3, 8)",100.0,0.19999999999999218,0.0,0.0
9,"(4, 2)",100.0,2.9999999999999973,0.0,0.0
9,"(5, 4)",100.0,7.999999999999992,0.0,0.0
9,"(5, 5)",100.0,7.999999999999992,0.0,0.0
9,"(5, 8)",100.0,2.6999999999999917,0.0,0.0
9,"(6, 1)",100.0,2.999999999999994,0.0,0.0
9,"(6, 6)",100.0,9.46666666666666,0.0,0.0
9,"(6, 7)",100.0,9.46666666666666,0.0,0.0
9,"(7, 7)",100.0,9.46666666666666,0.0,0.0
9,"(8, 6)",100.0,100.0,0.0,0.0
9,"(9, 5)",100.0,100.0,0.0,0.0
9,"(9, 9)",100.0,2.9999999999999947,0.0,0.0
10,"(0, 1)",100.0,2.9999999999999813,0.0,0.0
10,"(0, 8)",100.0,3.2999999999999936,0.0,0.0
10,"(1, 1)",100.0,2.9999999999999813,0.0,0.0
10,"(1, 3)",100.0,2.9999999999999916,0.0,0.0
10,"(1, 5)",100.0,3.2999999999999945,0.0,0.0
10,"(1, 9)",100.0,100.0,0.0,0.0
10,"(2, 0)",100.0,3.2999999999999923,0.0,0.0
10,"(2, 6)",100.0,5.499999999999992,0.0,0.0
10,"(2, 7)",100.0,5.499999999999992,0.0,0.0
10,"(2, 8)",100.0,5.499999999999992,0.0,0.0
10,"(3, 8)",100.0,5.499999999999992,0.0,0.0
10,"(4, 2)",100.0,3.299999999999997,0.0,0.0
10,"(5, 4)",100.0,8.299999999999992,0.0,0.0
10,"(5, 5)",100.0,8.299999999999992,0.0,0.0
10,"(5, 8)",100.0,2.9999999999999916,0.0,0.0
10,"(6, 1)",100.0,3.2999999999999936,0.0,0.0
10,"(6, 6)",100.0,9.76666666666666,0.0,0.0
10,"(6, 7)",100.0,9.76666666666666,0.0,0.0
10,"(7, 7)",100.0,9.76666666666666,0.0,0.0
10,"(8, 6)",100.0,100.0,0.0,0.0
10,"(9, 5)",100.0,100.0,0.0,0.0
10,"(9, 9)",100.0,3.2999999999999945,0.0,0.0
11,"(0, 1)",100.0,3.299999999999981,0.0,0.0
11,"(0, 8)",100.0,3.5999999999999934,0.0,0.0
11,"(1, 1)",100.0,3.299999999999981,0.0,0.0
11,"(1, 3)",100.0,3.2999999999999914,0.0,0.0
11,"(1, 5)",100.0,3.5999999999999943,0.0,0.0
11,"(1, 9)",100.0,100.0,0.0,0.0
11,"(2, 0)",100.0,3.599999999999992,0.0,0.0
11,"(2, 6)",100.0,5.799999999999992,0.0,0.0
11,"(2, 7)",100.0,5.799999999999992,0.0,0.0
11,"(2, 8)",100.0,5.799999999999992,0.0,0.0
11,"(3, 8)",100.0,5.799999999999992,0.0,0.0
11,"(4, 2)",100.0,3.599999999999997,0.0,0.0
11,"(5, 4)",100.0,8.599999999999993,0.0,0.0
11,"(5, 5)",100.0,8.599999999999993,0.0,0.0
11,"(5, 8)",100.0,3.2999999999999914,0.0,0.0
11,"(6, 1)",100.0,3.5999999999999934,0.0,0.0
11,"(6, 6)",100.0,10.066666666666661,0.0,0.0
11,"(6, 7)",100.0,10.066666666666661,0.0,0.0
11,"(7, 7)",100.0,0.0666666666666611,0.0,0.0
11,"(8, 6)",100.0,100.0,0.0,0.0
11,"(9, 5)",100.0,100.0,0.0,0.0
11,"(9, 9)",100.0,3.5999999999999943,0.0,0.0
12,"(0, 1)",100.0,3.599999999999981,0.0,0.0
12,"(0, 8)",100.0,3.8999999999999932,0.0,0.0
12,"(1, 1)",100.0,3.599999999999981,0.0,0.0
12,"(1, 3)",100.0,3.599999999999991,0.0,0.0
12,"(1, 5)",100.0,3.899999999999994,0.0,0.0
12,"(1, 9)",100.0,100.0,0.0,0.0
12,"(2, 0)",100.0,3.899999999999992,0.0,0.0
12,"(2, 6)",100.0,6.099999999999992,0.0,0.0
12,"(2, 7)",100.0,6.099999999999992,0.0,0.0
12,"(2, 8)",100.0,6.099999999999992,0.0,0.0
12,"(3, 8)",100.0,6.099999999999992,0.0,0.0
12,"(4, 2)",100.0,3.899999999999997,0.0,0.0
12,"(5, 4)",100.0,8.899999999999993,0.0,0.0
12,"(5, 5)",100.0,8.899999999999993,0.0,0.0
12,"(5, 8)",100.0,3.599999999999991,0.0,0.0
12,"(6, 1)",100.0,3.8999999999999932,0.0,0.0
12,"(6, 6)",100.0,7.033333333333327,0.0,0.0
12,"(6, 7)",100.0,7.033333333333327,0.0,0.0
12,"(7, 7)",100.0,7.033333333333327,0.0,0.0
12,"(8, 6)",100.0,100.0,0.0,0.0
12,"(9, 5)",100.0,100.0,0.0,0.0
12,"(9, 9)",100.0,3.899999999999994,0.0,0.0
13,"(0, 1)",100.0,3.899999999999981,0.0,0.0
13,"(0, 8)",100.0,4.199999999999993,0.0,0.0
13,"(1, 1)",100.0,3.899999999999981,0.0,0.0
13,"(1, 3)",100.0,3.899999999999991,0.0,0.0
13,"(1, 5)",100.0,4.199999999999994,0.0,0.0
13,"(1, 9)",100.0,100.0,0.0,0.0
13,"(2, 0)",100.0,4.199999999999992,0.0,0.0
13,"(2, 6)",100.0,6.3999999999999915,0.0,0.0
13,"(2, 7)",100.0,6.3999999999999915,0.0,0.0
13,"(2, 8)",100.0,6.3999999999999915,0.0,0.0
13,"(3, 8)",100.0,6.3999999999999915,0.0,0.0
13,"(4, 2)",100.0,4.199999999999997,0.0,0.0
13,"(5, 4)",100.0,9.199999999999994,0.0,0.0
13,"(5, 5)",100.0,9.199999999999994,0.0,0.0
13,"(5, 8)",100.0,3.899999999999991,0.0,0.0
13,"(6, 1)",100.0,4.199999999999993,0.0,0.0
13,"(6, 6)",100.0,7.333333333333327,0.0,0.0
13,"(6, 7)",100.0,7.333333333333327,0.0,0.0
13,"(7, 7)",100.0,7.333333333333327,0.0,0.0
13,"(8, 6)",100.0,100.0,0.0,0.0
13,"(9, 5)",100.0,100.0,0.0,0.0
13,"(9, 9)",100.0,4.199999999999994,0.0,0.0
14,"(0, 1)",100.0,4.199999999999981,0.0,0.0
14,"(0, 8)",100.0,4.499999999999993,0.0,0.0
14,"(1, 1)",100.0,4.199999999999981,0.0,0.0
14,"(1, 3)",100.0,4.199999999999991,0.0,0.0
14,"(1, 5)",100.0,4.499999999999994,0.0,0.0
14,"(1, 9)",100.0,100.0,0.0,0.0
14,"(2, 0)",100.0,4.499999999999992,0.0,0.0
14,"(2, 6)",100.0,6.699999999999991,0.0,0.0
14,"(2, 7)",100.0,6.699999999999991,0.0,0.0
14,"(2, 8)",100.0,6.699999999999991,0.0,0.0
14,"(3, 8)",100.0,6.699999999999991,0.0,0.0
14,"(4, 2)",100.0,4.4999999999999964,0.0,0.0
14,"(5, 4)",100.0,9.499999999999995,0.0,0.0
14,"(5, 5)",100.0,9.499999999999995,0.0,0.0
14,"(5, 8)",100.0,4.199999999999991,0.0,0.0
14,"(6, 1)",100.0,4.499999999999993,0.0,0.0
14,"(6, 6)",100.0,7.633333333333326,0.0,0.0
14,"(6, 7)",100.0,7.633333333333326,0.0,0.0
14,"(7, 7)",100.0,7.633333333333326,0.0,0.0
14,"(8, 6)",100.0,100.0,0.0,0.0
14,"(9, 5)",100.0,100.0,0.0,0.0
14,"(9, 9)",100.0,4.499999999999994,0.0,0.0
15,"(0, 1)",100.0,4.4999999999999805,0.0,0.0
15,"(0, 8)",100.0,4.799999999999993,0.0,0.0
15,"(1, 1)",100.0,4.4999999999999805,0.0,0.0
15,"(1, 3)",100.0,4.499999999999991,0.0,0.0
15,"(1, 5)",100.0,4.799999999999994,0.0,0.0
15,"(1, 9)",100.0,100.0,0.0,0.0
15,"(2, 0)",100.0,4.799999999999992,0.0,0.0
15,"(2, 6)",100.0,6.999999999999991,0.0,0.0
15,"(2, 7)",100.0,6.999999999999991,0.0,0.0
15,"(2, 8)",100.0,6.999999999999991,0.0,0.0
15,"(3, 8)",100.0,6.999999999999991,0.0,0.0
15,"(4, 2)",100.0,4.799999999999996,0.0,0.0
15,"(5, 4)",100.0,9.799999999999995,0.0,0.0
15,"(5, 5)",100.0,9.799999999999995,0.0,0.0
15,"(5, 8)",100.0,4.499999999999991,0.0,0.0
15,"(6, 1)",100.0,4.799999999999993,0.0,0.0
15,"(6, 6)",100.0,7.933333333333326,0.0,0.0
15,"(6, 7)",100.0,7.933333333333326,0.0,0.0
15,"(7, 7)",100.0,7.933333333333326,0.0,0.0
15,"(8, 6)",100.0,100.0,0.0,0.0
15,"(9, 5)",100.0,100.0,0.0,0.0
15,"(9, 9)",100.0,4.799999999999994,0.0,0.0
16,"(0, 1)",100.0,4.79999999999998,0.0,0.0
16,"(0, 8)",100.0,5.0999999999999925,0.0,0.0
16,"(1, 1)",100.0,4.79999999999998,0.0,0.0
16,"(1, 3)",100.0,4.799999999999991,0.0,0.0
16,"(1, 5)",100.0,5.099999999999993,0.0,0.0
16,"(1, 9)",100.0,100.0,0.0,0.0
16,"(2, 0)",100.0,5.099999999999992,0.0,0.0
16,"(2, 6)",100.0,7.299999999999991,0.0,0.0
16,"(2, 7)",100.0,7.299999999999991,0.0,0.0
16,"(2, 8)",100.0,7.299999999999991,0.0,0.0
16,"(3, 8)",100.0,7.299999999999991,0.0,0.0
16,"(4, 2)",100.0,5.099999999999996,0.0,0.0
16,"(5, 4)",100.0,10.099999999999996,0.0,0.0
16,"(5, 5)",100.0,10.099999999999996,0.0,0.0
16,"(5, 8)",100.0,4.799999999999991,0.0,0.0
16,"(6, 1)",100.0,5.0999999999999925,0.0,0.0
16,"(6, 6)",100.0,8.233333333333325,0.0,0.0
16,"(6, 7)",100.0,8.233333333333325,0.0,0.0
16,"(7, 7)",100.0,8.233333333333325,0.0,0.0
16,"(8, 6)",100.0,100.0,0.0,0.0
16,"(9, 5)",100.0,100.0,0.0,0.0
16,"(9, 9)",100.0,5.099999999999993,0.0,0.0
17,"(0, 1)",100.0,5.09999999999998,0.0,0.0
17,"(0, 8)",100.0,5.399999999999992,0.0,0.0
17,"(1, 1)",100.0,5.09999999999998,0.0,0.0
17,"(1, 3)",100.0,5.099999999999991,0.0,0.0
17,"(1, 5)",100.0,5.399999999999993,0.0,0.0
17,"(1, 9)",100.0,100.0,0.0,0.0
17,"(2, 0)",100.0,5.3999999999999915,0.0,0.0
17,"(2, 6)",100.0,7.599999999999991,0.0,0.0
17,"(2, 7)",100.0,7.599999999999991,0.0,0.0
17,"(2, 8)",100.0,7.599999999999991,0.0,0.0
17,"(3, 8)",100.0,7.599999999999991,0.0,0.0
17,"(4, 2)",100.0,5.399999999999996,0.0,0.0
17,"(5, 4)",100.0,10.399999999999997,0.0,0.0
17,"(5, 5)",100.0,0.3999999999999961,0.0,0.0
17,"(5, 8)",100.0,5.099999999999991,0.0,0.0
17,"(6, 1)",100.0,5.399999999999992,0.0,0.0
17,"(6, 6)",100.0,8.533333333333326,0.0,0.0
17,"(6, 7)",100.0,8.533333333333326,0.0,0.0
17,"(7, 7)",100.0,8.533333333333326,0.0,0.0
17,"(8, 6)",100.0,100.0,0.0,0.0
17,"(9, 5)",100.0,100.0,0.0,0.0
17,"(9, 9)",100.0,5.399999999999993,0.0,0.0
18,"(0, 1)",100.0,5.39999999999998,0.0,0.0
18,"(0, 8)",100.0,5.699999999999992,0.0,0.0
18,"(1, 1)",100.0,5.39999999999998,0.0,0.0
18,"(1, 3)",100.0,5.399999999999991,0.0,0.0
18,"(1, 5)",100.0,5.699999999999993,0.0,0.0
18,"(1, 9)",100.0,100.0,0.0,0.0
18,"(2, 0)",100.0,5.699999999999991,0.0,0.0
18,"(2, 6)",100.0,7.899999999999991,0.0,0.0
18,"(2, 7)",100.0,7.899999999999991,0.0,0.0
18,"(2, 8)",100.0,7.899999999999991,0.0,0.0
18,"(3, 8)",100.0,7.899999999999991,0.0,0.0
18,"(4, 2)",100.0,5.699999999999996,0.0,0.0
18,"(5, 4)",100.0,5.699999999999997,0.0,0.0
18,"(5, 5)",100.0,5.699999999999997,0.0,0.0
18,"(5, 8)",100.0,5.399999999999991,0.0,0.0
18,"(6, 1)",100.0,5.699999999999992,0.0,0.0
18,"(6, 6)",100.0,8.833333333333327,0.0,0.0
18,"(6, 7)",100.0,8.833333333333327,0.0,0.0
18,"(7, 7)",100.0,8.833333333333327,0.0,0.0
18,"(8, 6)",100.0,100.0,0.0,0.0
18,"(9, 5)",100.0,100.0,0.0,0.0
18,"(9, 9)",100.0,5.699999999999993,0.0,0.0
19,"(0, 1)",100.0,5.69999999999998,0.0,0.0
19,"(0, 8)",100.0,5.999999999999992,0.0,0.0
19,"(1, 1)",100.0,5.69999999999998,0.0,0.0
19,"(1, 3)",100.0,5.69999999999999,0.0,0.0
19,"(1, 5)",100.0,5.999999999999993,0.0,0.0
19,"(1, 9)",100.0,100.0,0.0,0.0
19,"(2, 0)",100.0,5.999999999999991,0.0,0.0
19,"(2, 6)",100.0,8.19999999999999,0.0,0.0
19,"(2, 7)",100.0,8.19999999999999,0.0,0.0
19,"(2, 8)",100.0,8.19999999999999,0.0,0.0
19,"(3, 8)",100.0,8.19999999999999,0.0,0.0
19,"(4, 2)",100.0,5.999999999999996,0.0,0.0
19,"(5, 4)",100.0,5.9999999999999964,0.0,0.0
19,"(5, 5)",100.0,5.9999999999999964,0.0,0.0
19,"(5, 8)",100.0,5.69999999999999,0.0,0.0
19,"(6, 1)",100.0,5.999999999999992,0.0,0.0
19,"(6, 6)",100.0,9.133333333333328,0.0,0.0
19,"(6, 7)",100.0,9.133333333333328,0.0,0.0
19,"(7, 7)",100.0,9.133333333333328,0.0,0.0
19,"(8, 6)",100.0,100.0,0.0,0.0
19,"(9, 5)",100.0,100.0,0.0,0.0
19,"(9, 9)",100.0,5.999999999999993,0.0,0.0
20,"(0, 1)",100.0,5.99999999999998,0.0,0.0
20,"(0, 8)",100.0,6.299999999999992,0.0,0.0
20,"(1, 1)",100.0,5.99999999999998,0.0,0.0
20,"(1, 3)",100.0,5.99999999999999,0.0,0.0
20,"(1, 5)",100.0,6.299999999999993,0.0,0.0
20,"(1, 9)",100.0,100.0,0.0,0.0
20,"(2, 0)",100.0,6.299999999999991,0.0,0.0
20,"(2, 6)",100.0,8.499999999999991,0.0,0.0
20,"(2, 7)",100.0,8.499999999999991,0.0,0.0
20,"(2, 8)",100.0,8.499999999999991,0.0,0.0
20,"(3, 8)",100.0,8.499999999999991,0.0,0.0
20,"(4, 2)",100.0,6.299999999999995,0.0,0.0
20,"(5, 4)",100.0,6.299999999999996,0.0,0.0
20,"(5, 5)",100.0,6.299999999999996,0.0,0.0
20,"(5, 8)",100.0,5.99999999999999,0.0,0.0
20,"(6, 1)",100.0,6.299999999999992,0.0,0.0
20,"(6, 6)",100.0,9.433333333333328,0.0,0.0
20,"(6, 7)",100.0,9.433333333333328,0.0,0.0
20,"(7, 7)",100.0,9.433333333333328,0.0,0.0
20,"(8, 6)",100.0,100.0,0.0,0.0
20,"(9, 5)",100.0,100.0,0.0,0.0
20,"(9, 9)",100.0,6.299999999999993,0.0,0.0
21,"(0, 1)",100.0,6.299999999999979,0.0,0.0
21,"(0, 8)",100.0,6.599999999999992,0.0,0.0
21,"(1, 1)",100.0,6.299999999999979,0.0,0.0
21,"(1, 3)",100.0,6.29999999999999,0.0,0.0
21,"(1, 5)",100.0,6.5999999999999925,0.0,0.0
21,"(1, 9)",100.0,100.0,0.0,0.0
21,"(2, 0)",100.0,6.599999999999991,0.0,0.0
21,"(2, 6)",100.0,8.799999999999992,0.0,0.0
21,"(2, 7)",100.0,8.799999999999992,0.0,0.0
21,"(2, 8)",100.0,8.799999999999992,0.0,0.0
21,"(3, 8)",100.0,8.799999999999992,0.0,0.0
21,"(4, 2)",100.0,6.599999999999995,0.0,0.0
21,"(5, 4)",100.0,6.599999999999996,0.0,0.0
21,"(5, 5)",100.0,6.599999999999996,0.0,0.0
21,"(5, 8)",100.0,6.29999999999999,0.0,0.0
21,"(6, 1)",100.0,6.599999999999992,0.0,0.0
21,"(6, 6)",100.0,9.733333333333329,0.0,0.0
21,"(6, 7)",100.0,9.733333333333329,0.0,0.0
21,"(7, 7)",100.0,9.733333333333329,0.0,0.0
21,"(8, 6)",100.0,100.0,0.0,0.0
21,"(9, 5)",100.0,100.0,0.0,0.0
21,"(9, 9)",100.0,6.5999999999999925,0.0,0.0
22,"(0, 1)",100.0,6.599999999999979,0.0,0.0
22,"(0, 8)",100.0,6.8999999999999915,0.0,0.0
22,"(1, 1)",100.0,6.599999999999979,0.0,0.0
22,"(1, 3)",100.0,6.59999999999999,0.0,0.0
22,"(1, 5)",100.0,6.899999999999992,0.0,0.0
22,"(1, 9)",100.0,100.0,0.0,0.0
22,"(2, 0)",100.0,6.899999999999991,0.0,0.0
22,"(2, 6)",100.0,9.099999999999993,0.0,0.0
22,"(2, 7)",100.0,9.099999999999993,0.0,0.0
22,"(2, 8)",100.0,9.099999999999993,0.0,0.0
22,"(3, 8)",100.0,9.099999999999993,0.0,0.0
22,"(4, 2)",100.0,6.899999999999995,0.0,0.0
22,"(5, 4)",100.0,6.899999999999996,0.0,0.0
22,"(5, 5)",100.0,6.899999999999996,0.0,0.0
22,"(5, 8)",100.0,6.59999999999999,0.0,0.0
22,"(6, 1)",100.0,6.8999999999999915,0.0,0.0
22,"(6, 6)",100.0,10.03333333333333,0.0,0.0
22,"(6, 7)",100.0,10.03333333333333,0.0,0.0
22,"(7, 7)",100.0,0.03333333333332966,0.0,0.0
22,"(8, 6)",100.0,100.0,0.0,0.0
22,"(9, 5)",100.0,100.0,0.0,0.0
22,"(9, 9)",100.0,6.899999999999992,0.0,0.0
23,"(0, 1)",100.0,6.899999999999979,0.0,0.0
23,"(0, 8)",100.0,7.199999999999991,0.0,0.0
23,"(1, 1)",100.0,6.899999999999979,0.0,0.0
23,"(1, 3)",100.0,6.89999999999999,0.0,0.0
23,"(1, 5)",100.0,7.199999999999992,0.0,0.0
23,"(1, 9)",100.0,100.0,0.0,0.0
23,"(2, 0)",100.0,7.19999999999999,0.0,0.0
23,"(2, 6)",100.0,9.399999999999993,0.0,0.0
23,"(2, 7)",100.0,9.399999999999993,0.0,0.0
23,"(2, 8)",100.0,9.399999999999993,0.0,0.0
23,"(3, 8)",100.0,9.399999999999993,0.0,0.0
23,"(4, 2)",100.0,7.199999999999995,0.0,0.0
23,"(5, 4)",100.0,7.199999999999996,0.0,0.0
23,"(5, 5)",100.0,7.199999999999996,0.0,0.0
23,"(5, 8)",100.0,6.89999999999999,0.0,0.0
23,"(6, 1)",100.0,7.199999999999991,0.0,0.0
23,"(6, 6)",100.0,6.999999999999996,0.0,0.0
23,"(6, 7)",100.0,6.999999999999996,0.0,0.0
23,"(7, 7)",100.0,6.999999999999996,0.0,0.0
23,"(8, 6)",100.0,100.0,0.0,0.0
23,"(9, 5)",100.0,100.0,0.0,0.0
23,"(9, 9)",100.0,7.199999999999992,0.0,0.0
24,"(0, 1)",100.0,7.199999999999979,0.0,0.0
24,"(0, 8)",100.0,7.499999999999991,0.0,0.0
24,"(1, 1)",100.0,7.199999999999979,0.0,0.0
24,"(1, 3)",100.0,7.1999999999999895,0.0,0.0
24,"(1, 5)",100.0,7.499999999999992,0.0,0.0
24,"(1, 9)",100.0,100.0,0.0,0.0
24,"(2, 0)",100.0,7.49999999999999,0.0,0.0
24,"(2, 6)",100.0,9.699999999999994,0.0,0.0
24,"(2, 7)",100.0,9.699999999999994,0.0,0.0
24,"(2, 8)",100.0,9.699999999999994,0.0,0.0
24,"(3, 8)",100.0,9.699999999999994,0.0,0.0
24,"(4, 2)",100.0,7.499999999999995,0.0,0.0
24,"(5, 4)",100.0,7.499999999999996,0.0,0.0
24,"(5, 5)",100.0,7.499999999999996,0.0,0.0
24,"(5, 8)",100.0,7.1999999999999895,0.0,0.0
24,"(6, 1)",100.0,7.499999999999991,0.0,0.0
24,"(6, 6)",100.0,7.299999999999995,0.0,0.0
24,"(6, 7)",100.0,7.299999999999995,0.0,0.0
24,"(7, 7)",100.0,7.299999999999995,0.0,0.0
24,"(8, 6)",100.0,100.0,0.0,0.0
24,"(9, 5)",100.0,100.0,0.0,0.0
24,"(9, 9)",100.0,7.499999999999992,0.0,0.0
25,"(0, 1)",100.0,7.499999999999979,0.0,0.0
25,"(0, 8)",100.0,7.799999999999991,0.0,0.0
25,"(1, 1)",100.0,7.499999999999979,0.0,0.0
25,"(1, 3)",100.0,7.499999999999989,0.0,0.0
25,"(1, 5)",100.0,7.799999999999992,0.0,0.0
25,"(1, 9)",100.0,100.0,0.0,0.0
25,"(2, 0)",100.0,7.79999999999999,0.0,0.0
25,"(2, 6)",100.0,9.999999999999995,0.0,0.0
25,"(2, 7)",100.0,9.999999999999995,0.0,0.0
25,"(2, 8)",100.0,9.999999999999995,0.0,0.0
25,"(3, 8)",100.0,9.999999999999995,0.0,0.0
25,"(4, 2)",100.0,7.7999999999999945,0.0,0.0
25,"(5, 4)",100.0,7.799999999999995,0.0,0.0
25,"(5, 5)",100.0,7.799999999999995,0.0,0.0
25,"(5, 8)",100.0,7.499999999999989,0.0,0.0
25,"(6, 1)",100.0,7.799999999999991,0.0,0.0
25,"(6, 6)",100.0,7.599999999999994,0.0,0.0
25,"(6, 7)",100.0,7.599999999999994,0.0,0.0
25,"(7, 7)",100.0,7.599999999999994,0.0,0.0
25,"(8, 6)",100.0,100.0,0.0,0.0
25,"(9, 5)",100.0,100.0,0.0,0.0
25,"(9, 9)",100.0,7.799999999999992,0.0,0.0
26,"(0, 1)",100.0,7.7999999999999785,0.0,0.0
26,"(0, 8)",100.0,8.09999999999999,0.0,0.0
26,"(1, 1)",100.0,7.7999999999999785,0.0,0.0
26,"(1, 3)",100.0,7.799999999999989,0.0,0.0
26,"(1, 5)",100.0,8.099999999999993,0.0,0.0
26,"(1, 9)",100.0,100.0,0.0,0.0
26,"(2, 0)",100.0,8.09999999999999,0.0,0.0
26,"(2, 6)",100.0,10.299999999999995,0.0,0.0
26,"(2, 7)",100.0,0.2999999999999954,0.0,0.0
26,"(2, 8)",100.0,10.299999999999995,0.0,0.0
26,"(3, 8)",100.0,0.2999999999999954,0.0,0.0
26,"(4, 2)",100.0,8.099999999999994,0.0,0.0
26,"(5, 4)",100.0,8.099999999999996,0.0,0.0
26,"(5, 5)",100.0,8.099999999999996,0.0,0.0
26,"(5, 8)",100.0,7.799999999999989,0.0,0.0
26,"(6, 1)",100.0,8.09999999999999,0.0,0.0
26,"(6, 6)",100.0,7.899999999999994,0.0,0.0
26,"(6, 7)",100.0,7.899999999999994,0.0,0.0
26,"(7, 7)",100.0,7.899999999999994,0.0,0.0
26,"(8, 6)",100.0,100.0,0.0,0.0
26,"(9, 5)",100.0,100.0,0.0,0.0
26,"(9, 9)",100.0,8.099999999999993,0.0,0.0
27,"(0, 1)",100.0,8.099999999999978,0.0,0.0
27,"(0, 8)",100.0,8.399999999999991,0.0,0.0
27,"(1, 1)",100.0,8.099999999999978,0.0,0.0
27,"(1, 3)",100.0,8.099999999999989,0.0,0.0
27,"(1, 5)",100.0,8.399999999999993,0.0,0.0
27,"(1, 9)",100.0,100.0,0.0,0.0
27,"(2, 0)",100.0,8.399999999999991,0.0,0.0
27,"(2, 6)",100.0,5.599999999999995,0.0,0.0
27,"(2, 7)",100.0,5.599999999999995,0.0,0.0
27,"(2, 8)",100.0,5.599999999999995,0.0,0.0
27,"(3, 8)",100.0,5.599999999999995,0.0,0.0
27,"(4, 2)",100.0,8.399999999999995,0.0,0.0
27,"(5, 4)",100.0,8.399999999999997,0.0,0.0
27,"(5, 5)",100.0,8.399999999999997,0.0,0.0
27,"(5, 8)",100.0,8.099999999999989,0.0,0.0
27,"(6, 1)",100.0,8.399999999999991,0.0,0.0
27,"(6, 6)",100.0,8.199999999999994,0.0,0.0
27,"(6, 7)",100.0,8.199999999999994,0.0,0.0
27,"(7, 7)",100.0,8.199999999999994,0.0,0.0
27,"(8, 6)",100.0,100.0,0.0,0.0
27,"(9, 5)",100.0,100.0,0.0,0.0
27,"(9, 9)",100.0,8.399999999999993,0.0,0.0
28,"(0, 1)",100.0,8.399999999999979,0.0,0.0
28,"(0, 8)",100.0,8.699999999999992,0.0,0.0
28,"(1, 1)",100.0,8.399999999999979,0.0,0.0
28,"(1, 3)",100.0,8.39999999999999,0.0,0.0
28,"(1, 5)",100.0,8.699999999999994,0.0,0.0
28,"(1, 9)",100.0,100.0,0.0,0.0
28,"(2, 0)",100.0,8.699999999999992,0.0,0.0
28,"(2, 6)",100.0,5.899999999999995,0.0,0.0
28,"(2, 7)",100.0,5.899999999999995,0.0,0.0
28,"(2, 8)",100.0,5.899999999999995,0.0,0.0
28,"(3, 8)",100.0,5.899999999999995,0.0,0.0
28,"(4, 2)",100.0,8.699999999999996,0.0,0.0
28,"(5, 4)",100.0,8.699999999999998,0.0,0.0
28,"(5, 5)",100.0,8.699999999999998,0.0,0.0
28,"(5, 8)",100.0,8.39999999999999,0.0,0.0
28,"(6, 1)",100.0,8.699999999999992,0.0,0.0
28,"(6, 6)",100.0,8.499999999999995,0.0,0.0
28,"(6, 7)",100.0,8.499999999999995,0.0,0.0
28,"(7, 7)",100.0,8.499999999999995,0.0,0.0
28,"(8, 6)",100.0,100.0,0.0,0.0
28,"(9, 5)",100.0,100.0,0.0,0.0
28,"(9, 9)",100.0,8.699999999999994,0.0,0.0
29,"(0, 1)",100.0,8.69999999999998,0.0,0.0
29,"(0, 8)",100.0,8.999999999999993,0.0,0.0
29,"(1, 1)",100.0,8.69999999999998,0.0,0.0
29,"(1, 3)",100.0,8.69999999999999,0.0,0.0
29,"(1, 5)",100.0,8.999999999999995,0.0,0.0
29,"(1, 9)",100.0,100.0,0.0,0.0
29,"(2, 0)",100.0,8.999999999999993,0.0,0.0
29,"(2, 6)",100.0,6.199999999999995,0.0,0.0
29,"(2, 7)",100.0,6.199999999999995,0.0,0.0
29,"(2, 8)",100.0,6.199999999999995,0.0,0.0
29,"(3, 8)",100.0,6.199999999999995,0.0,0.0
29,"(4, 2)",100.0,8.999999999999996,0.0,0.0
29,"(5, 4)",100.0,8.999999999999998,0.0,0.0
29,"(5, 5)",100.0,8.999999999999998,0.0,0.0
29,"(5, 8)",100.0,8.69999999999999,0.0,0.0
29,"(6, 1)",100.0,8.999999999999993,0.0,0.0
29,"(6, 6)",100.0,8.799999999999995,0.0,0.0
29,"(6, 7)",100.0,8.799999999999995,0.0,0.0
29,"(7, 7)",100.0,8.799999999999995,0.0,0.0
29,"(8, 6)",100.0,100.0,0.0,0.0
29,"(9, 5)",100.0,100.0,0.0,0.0
29,"(9, 9)",100.0,8.999999999999995,0.0,0.0
30,"(0, 1)",100.0,8.99999999999998,0.0,0.0
30,"(0, 8)",100.0,9.299999999999994,0.0,0.0
30,"(1, 1)",100.0,8.99999999999998,0.0,0.0
30,"(1, 3)",100.0,8.999999999999991,0.0,0.0
30,"(1, 5)",100.0,9.299999999999995,0.0,0.0
30,"(1, 9)",100.0,100.0,0.0,0.0
30,"(2, 0)",100.0,9.299999999999994,0.0,0.0
30,"(2, 6)",100.0,6.499999999999995,0.0,0.0
30,"(2, 7)",100.0,6.499999999999995,0.0,0.0
30,"(2, 8)",100.0,6.499999999999995,0.0,0.0
30,"(3, 8)",100.0,6.499999999999995,0.0,0.0
30,"(4, 2)",100.0,9.299999999999997,0.0,0.0
30,"(5, 4)",100.0,9.299999999999999,0.0,0.0
30,"(5, 5)",100.0,9.299999999999999,0.0,0.0
30,"(5, 8)",100.0,8.999999999999991,0.0,0.0
30,"(6, 1)",100.0,9.299999999999994,0.0,0.0
30,"(6, 6)",100.0,9.099999999999996,0.0,0.0
30,"(6, 7)",100.0,9.099999999999996,0.0,0.0
30,"(7, 7)",100.0,9.099999999999996,0.0,0.0
30,"(8, 6)",100.0,100.0,0.0,0.0
30,"(9, 5)",100.0,100.0,0.0,0.0
30,"(9, 9)",100.0,9.299999999999995,0.0,0.0
31,"(0, 1)",100.0,9.299999999999981,0.0,0.0
31,"(0, 8)",100.0,9.599999999999994,0.0,0.0
31,"(1, 1)",100.0,9.299999999999981,0.0,0.0
31,"(1, 3)",100.0,9.299999999999992,0.0,0.0
31,"(1, 5)",100.0,9.599999999999996,0.0,0.0
31,"(1, 9)",100.0,100.0,0.0,0.0
31,"(2, 0)",100.0,9.599999999999994,0.0,0.0
31,"(2, 6)",100.0,6.7999999999999945,0.0,0.0
31,"(2, 7)",100.0,6.7999999999999945,0.0,0.0
31,"(2, 8)",100.0,6.7999999999999945,0.0,0.0
31,"(3, 8)",100.0,6.7999999999999945,0.0,0.0
31,"(4, 2)",100.0,9.599999999999998,0.0,0.0
31,"(5, 4)",100.0,9.6,0.0,0.0
31,"(5, 5)",100.0,9.6,0.0,0.0
31,"(5, 8)",100.0,9.299999999999992,0.0,0.0
31,"(6, 1)",100.0,9.599999999999994,0.0,0.0
31,"(6, 6)",100.0,9.399999999999997,0.0,0.0
31,"(6, 7)",100.0,9.399999999999997,0.0,0.0
31,"(7, 7)",100.0,9.399999999999997,0.0,0.0
31,"(8, 6)",100.0,100.0,0.0,0.0
31,"(9, 5)",100.0,100.0,0.0,0.0
31,"(9, 9)",100.0,9.599999999999996,0.0,0.0
32,"(0, 1)",100.0,9.599999999999982,0.0,0.0
32,"(0, 8)",100.0,9.899999999999995,0.0,0.0
32,"(1, 1)",100.0,9.599999999999982,0.0,0.0
32,"(1, 3)",100.0,9.599999999999993,0.0,0.0
32,"(1, 5)",100.0,9.899999999999997,0.0,0.0
32,"(1, 9)",100.0,100.0,0.0,0.0
32,"(2, 0)",100.0,9.899999999999995,0.0,0.0
32,"(2, 6)",100.0,7.099999999999994,0.0,0.0
32,"(2, 7)",100.0,7.099999999999994,0.0,0.0
32,"(2, 8)",100.0,7.099999999999994,0.0,0.0
32,"(3, 8)",100.0,7.099999999999994,0.0,0.0
32,"(4, 2)",100.0,9.899999999999999,0.0,0.0
32,"(5, 4)",100.0,9.9,0.0,0.0
32,"(5, 5)",100.0,9.9,0.0,0.0
32,"(5, 8)",100.0,9.599999999999993,0.0,0.0
32,"(6, 1)",100.0,9.899999999999995,0.0,0.0
32,"(6, 6)",100.0,9.699999999999998,0.0,0.0
32,"(6, 7)",100.0,9.699999999999998,0.0,0.0
32,"(7, 7)",100.0,9.699999999999998,0.0,0.0
32,"(8, 6)",100.0,100.0,0.0,0.0
32,"(9, 5)",100.0,100.0,0.0,0.0
32,"(9, 9)",100.0,9.899999999999997,0.0,0.0
33,"(0, 1)",100.0,9.899999999999983,0.0,0.0
33,"(0, 8)",100.0,10.199999999999996,0.0,0.0
33,"(1, 1)",100.0,9.899999999999983,0.0,0.0
33,"(1, 3)",100.0,9.899999999999993,0.0,0.0
33,"(1, 5)",100.0,10.199999999999998,0.0,0.0
33,"(1, 9)",100.0,100.0,0.0,0.0
33,"(2, 0)",100.0,0.19999999999999574,0.0,0.0
33,"(2, 6)",100.0,7.399999999999994,0.0,0.0
33,"(2, 7)",100.0,7.399999999999994,0.0,0.0
33,"(2, 8)",100.0,7.399999999999994,0.0,0.0
33,"(3, 8)",100.0,7.399999999999994,0.0,0.0
33,"(4, 2)",100.0,10.2,0.0,0.0
33,"(5, 4)",100.0,10.200000000000001,0.0,0.0
33,"(5, 5)",100.0,10.200000000000001,0.0,0.0
33,"(5, 8)",100.0,9.899999999999993,0.0,0.0
33,"(6, 1)",100.0,0.19999999999999574,0.0,0.0
33,"(6, 6)",100.0,9.999999999999998,0.0,0.0
33,"(6, 7)",100.0,9.999999999999998,0.0,0.0
33,"(7, 7)",100.0,9.999999999999998,0.0,0.0
33,"(8, 6)",100.0,100.0,0.0,0.0
33,"(9, 5)",100.0,100.0,0.0,0.0
33,"(9, 9)",100.0,10.199999999999998,0.0,0.0
34,"(0, 1)",100.0,0.1999999999999833,0.0,0.0
34,"(0, 8)",100.0,10.499999999999996,0.0,0.0
34,"(1, 1)",100.0,0.1999999999999833,0.0,0.0
34,"(1, 3)",100.0,10.199999999999994,0.0,0.0
34,"(1, 5)",100.0,0.4999999999999975,0.0,0.0
34,"(1, 9)",100.0,100.0,0.0,0.0
34,"(2, 0)",100.0,0.4999999999999957,0.0,0.0
34,"(2, 6)",100.0,7.699999999999994,0.0,0.0
34,"(2, 7)",100.0,7.699999999999994,0.0,0.0
34,"(2, 8)",100.0,7.699999999999994,0.0,0.0
34,"(3, 8)",100.0,7.699999999999994,0.0,0.0
34,"(4, 2)",100.0,0.4999999999999993,0.0,0.0
34,"(5, 4)",100.0,10.500000000000002,0.0,0.0
34,"(5, 5)",100.0,0.5000000000000011,0.0,0.0
34,"(5, 8)",100.0,0.19999999999999396,0.0,0.0
34,"(6, 1)",100.0,0.4999999999999957,0.0,0.0
34,"(6, 6)",100.0,10.299999999999999,0.0,0.0
34,"(6, 7)",100.0,10.299999999999999,0.0,0.0
34,"(7, 7)",100.0,0.29999999999999893,0.0,0.0
34,"(8, 6)",100.0,100.0,0.0,0.0
34,"(9, 5)",100.0,100.0,0.0,0.0
34,"(9, 9)",100.0,0.4999999999999975,0.0,0.0
35,"(0, 1)",100.0,0.4999999999999833,0.0,0.0
35,"(0, 8)",100.0,10.799999999999997,0.0,0.0
35,"(1, 1)",100.0,0.4999999999999833,0.0,0.0
35,"(1, 3)",100.0,10.499999999999995,0.0,0.0
35,"(1, 5)",100.0,0.7999999999999975,0.0,0.0
35,"(1, 9)",100.0,100.0,0.0,0.0
35,"(2, 0)",100.0,0.7999999999999957,0.0,0.0
35,"(2, 6)",100.0,7.999999999999994,0.0,0.0
35,"(2, 7)",100.0,7.999999999999994,0.0,0.0
35,"(2, 8)",100.0,7.999999999999994,0.0,0.0
35,"(3, 8)",100.0,7.999999999999994,0.0,0.0
35,"(4, 2)",100.0,0.7999999999999993,0.0,0.0
35,"(5, 4)",100.0,5.800000000000002,0.0,0.0
35,"(5, 5)",100.0,5.800000000000002,0.0,0.0
35,"(5, 8)",100.0,0.49999999999999395,0.0,0.0
35,"(6, 1)",100.0,0.7999999999999957,0.0,0.0
35,"(6, 6)",100.0,7.266666666666666,0.0,0.0
35,"(6, 7)",100.0,7.266666666666666,0.0,0.0
35,"(7, 7)",100.0,7.266666666666666,0.0,0.0
35,"(8, 6)",100.0,100.0,0.0,0.0
35,"(9, 5)",100.0,100.0,0.0,0.0
35,"(9, 9)",100.0,0.7999999999999975,0.0,0.0
36,"(0, 1)",100.0,0.7999999999999833,0.0,0.0
36,"(0, 8)",100.0,11.099999999999998,0.0,0.0
36,"(1, 1)",100.0,0.7999999999999833,0.0,0.0
36,"(1, 3)",100.0,10.799999999999995,0.0,0.0
36,"(1, 5)",100.0,1.0999999999999974,0.0,0.0
36,"(1, 9)",100.0,100.0,0.0,0.0
36,"(2, 0)",100.0,1.0999999999999956,0.0,0.0
36,"(2, 6)",100.0,8.299999999999994,0.0,0.0
36,"(2, 7)",100.0,8.299999999999994,0.0,0.0
36,"(2, 8)",100.0,8.299999999999994,0.0,0.0
36,"(3, 8)",100.0,8.299999999999994,0.0,0.0
36,"(4, 2)",100.0,1.0999999999999992,0.0,0.0
36,"(5, 4)",100.0,6.100000000000001,0.0,0.0
36,"(5, 5)",100.0,6.100000000000001,0.0,0.0
36,"(5, 8)",100.0,0.7999999999999939,0.0,0.0
36,"(6, 1)",100.0,1.0999999999999956,0.0,0.0
36,"(6, 6)",100.0,7.5666666666666655,0.0,0.0
36,"(6, 7)",100.0,7.5666666666666655,0.0,0.0
36,"(7, 7)",100.0,7.5666666666666655,0.0,0.0
36,"(8, 6)",100.0,100.0,0.0,0.0
36,"(9, 5)",100.0,100.0,0.0,0.0
36,"(9, 9)",100.0,1.0999999999999974,0.0,0.0
37,"(0, 1)",100.0,1.0999999999999832,0.0,0.0
37,"(0, 8)",100.0,11.399999999999999,0.0,0.0
37,"(1, 1)",100.0,1.0999999999999832,0.0,0.0
37,"(1, 3)",100.0,11.099999999999996,0.0,0.0
37,"(1, 5)",100.0,1.3999999999999975,0.0,0.0
37,"(1, 9)",100.0,100.0,0.0,0.0
37,"(2, 0)",100.0,1.3999999999999957,0.0,0.0
37,"(2, 6)",100.0,8.599999999999994,0.0,0.0
37,"(2, 7)",100.0,8.599999999999994,0.0,0.0
37,"(2, 8)",100.0,8.599999999999994,0.0,0.0
37,"(3, 8)",100.0,8.599999999999994,0.0,0.0
37,"(4, 2)",100.0,1.3999999999999992,0.0,0.0
37,"(5, 4)",100.0,6.400000000000001,0.0,0.0
37,"(5, 5)",100.0,6.400000000000001,0.0,0.0
37,"(5, 8)",100.0,1.0999999999999939,0.0,0.0
37,"(6, 1)",100.0,1.3999999999999957,0.0,0.0
37,"(6, 6)",100.0,7.866666666666665,0.0,0.0
37,"(6, 7)",100.0,7.866666666666665,0.0,0.0
37,"(7, 7)",100.0,7.866666666666665,0.0,0.0
37,"(8, 6)",100.0,100.0,0.0,0.0
37,"(9, 5)",100.0,100.0,0.0,0.0
37,"(9, 9)",100.0,1.3999999999999975,0.0,0.0
38,"(0, 1)",100.0,1.3999999999999833,0.0,0.0
38,"(0, 8)",100.0,11.7,0.0,0.0
38,"(1, 1)",100.0,1.3999999999999833,0.0,0.0
38,"(1, 3)",100.0,11.399999999999997,0.0,0.0
38,"(1, 5)",100.0,1.6999999999999975,0.0,0.0
38,"(1, 9)",100.0,100.0,0.0,0.0
38,"(2, 0)",100.0,1.6999999999999957,0.0,0.0
38,"(2, 6)",100.0,8.899999999999995,0.0,0.0
38,"(2, 7)",100.0,8.899999999999995,0.0,0.0
38,"(2, 8)",100.0,8.899999999999995,0.0,0.0
38,"(3, 8)",100.0,8.899999999999995,0.0,0.0
38,"(4, 2)",100.0,1.6999999999999993,0.0,0.0
38,"(5, 4)",100.0,6.700000000000001,0.0,0.0
38,"(5, 5)",100.0,6.700000000000001,0.0,0.0
38,"(5, 8)",100.0,1.399999999999994,0.0,0.0
38,"(6, 1)",100.0,1.6999999999999957,0.0,0.0
38,"(6, 6)",100.0,8.166666666666664,0.0,0.0
38,"(6, 7)",100.0,8.166666666666664,0.0,0.0
38,"(7, 7)",100.0,8.166666666666664,0.0,0.0
38,"(8, 6)",100.0,100.0,0.0,0.0
38,"(9, 5)",100.0,100.0,0.0,0.0
38,"(9, 9)",100.0,1.6999999999999975,0.0,0.0
39,"(0, 1)",100.0,1.6999999999999833,0.0,0.0
39,"(0, 8)",100.0,12.0,0.0,0.0
39,"(1, 1)",100.0,1.6999999999999833,0.0,0.0
39,"(1, 3)",100.0,11.699999999999998,0.0,0.0
39,"(1, 5)",100.0,1.9999999999999976,0.0,0.0
39,"(1, 9)",100.0,100.0,0.0,0.0
39,"(2, 0)",100.0,1.9999999999999958,0.0,0.0
39,"(2, 6)",100.0,9.199999999999996,0.0,0.0
39,"(2, 7)",100.0,9.199999999999996,0.0,0.0
39,"(2, 8)",100.0,9.199999999999996,0.0,0.0
39,"(3, 8)",100.0,9.199999999999996,0.0,0.0
39,"(4, 2)",100.0,1.9999999999999993,0.0,0.0
39,"(5, 4)",100.0,7.000000000000001,0.0,0.0
39,"(5, 5)",100.0,7.000000000000001,0.0,0.0
39,"(5, 8)",100.0,1.699999999999994,0.0,0.0
39,"(6, 1)",100.0,1.9999999999999958,0.0,0.0
39,"(6, 6)",100.0,8.466666666666665,0.0,0.0
39,"(6, 7)",100.0,8.466666666666665,0.0,0.0
39,"(7, 7)",100.0,8.466666666666665,0.0,0.0
39,"(8, 6)",100.0,100.0,0.0,0.0
39,"(9, 5)",100.0,100.0,0.0,0.0
39,"(9, 9)",100.0,1.9999999999999976,0.0,0.0
40,"(0, 1)",100.0,1.9999999999999833,0.0,0.0
40,"(0, 8)",100.0,12.3,0.0,0.0
40,"(1, 1)",100.0,1.9999999999999833,0.0,0.0
40,"(1, 3)",100.0,11.999999999999998,0.0,0.0
40,"(1, 5)",100.0,2.2999999999999976,0.0,0.0
40,"(1, 9)",100.0,100.0,0.0,0.0
40,"(2, 0)",100.0,2.299999999999996,0.0,0.0
40,"(2, 6)",100.0,9.499999999999996,0.0,0.0
40,"(2, 7)",100.0,9.499999999999996,0.0,0.0
40,"(2, 8)",100.0,9.499999999999996,0.0,0.0
40,"(3, 8)",100.0,9.499999999999996,0.0,0.0
40,"(4, 2)",100.0,2.2999999999999994,0.0,0.0
40,"(5, 4)",100.0,7.300000000000001,0.0,0.0
40,"(5, 5)",100.0,7.300000000000001,0.0,0.0
40,"(5, 8)",100.0,1.999999999999994,0.0,0.0
40,"(6, 1)",100.0,2.299999999999996,0.0,0.0
40,"(6, 6)",100.0,8.766666666666666,0.0,0.0
40,"(6, 7)",100.0,8.766666666666666,0.0,0.0
40,"(7, 7)",100.0,8.766666666666666,0.0,0.0
40,"(8, 6)",100.0,100.0,0.0,0.0
40,"(9, 5)",100.0,100.0,0.0,0.0
40,"(9, 9)",100.0,2.2999999999999976,0.0,0.0
41,"(0, 1)",100.0,2.2999999999999834,0.0,0.0
41,"(0, 8)",100.0,12.600000000000001,0.0,0.0
41,"(1, 1)",100.0,2.2999999999999834,0.0,0.0
41,"(1, 3)",100.0,12.299999999999999,0.0,0.0
41,"(1, 5)",100.0,2.5999999999999974,0.0,0.0
41,"(1, 9)",100.0,100.0,0.0,0.0
41,"(2, 0)",100.0,2.5999999999999956,0.0,0.0
41,"(2, 6)",100.0,9.799999999999997,0.0,0.0
41,"(2, 7)",100.0,9.799999999999997,0.0,0.0
41,"(2, 8)",100.0,9.799999999999997,0.0,0.0
41,"(3, 8)",100.0,9.799999999999997,0.0,0.0
41,"(4, 2)",100.0,2.599999999999999,0.0,0.0
41,"(5, 4)",100.0,7.6000000000000005,0.0,0.0
41,"(5, 5)",100.0,7.6000000000000005,0.0,0.0
41,"(5, 8)",100.0,2.299999999999994,0.0,0.0
41,"(6, 1)",100.0,2.5999999999999956,0.0,0.0
41,"(6, 6)",100.0,9.066666666666666,0.0,0.0
41,"(6, 7)",100.0,9.066666666666666,0.0,0.0
41,"(7, 7)",100.0,9.066666666666666,0.0,0.0
41,"(8, 6)",100.0,100.0,0.0,0.0
41,"(9, 5)",100.0,100.0,0.0,0.0
41,"(9, 9)",100.0,2.5999999999999974,0.0,0.0
42,"(0, 1)",100.0,2.599999999999983,0.0,0.0
42,"(0, 8)",100.0,12.900000000000002,0.0,0.0
42,"(1, 1)",100.0,2.599999999999983,0.0,0.0
42,"(1, 3)",100.0,12.6,0.0,0.0
42,"(1, 5)",100.0,2.8999999999999972,0.0,0.0
42,"(1, 9)",100.0,100.0,0.0,0.0
42,"(2, 0)",100.0,2.8999999999999955,0.0,0.0
42,"(2, 6)",100.0,10.099999999999998,0.0,0.0
42,"(2, 7)",100.0,0.09999999999999787,0.0,0.0
42,"(2, 8)",100.0,10.099999999999998,0.0,0.0
42,"(3, 8)",100.0,0.09999999999999787,0.0,0.0
42,"(4, 2)",100.0,2.899999999999999,0.0,0.0
42,"(5, 4)",100.0,7.9,0.0,0.0
42,"(5, 5)",100.0,7.9,0.0,0.0
42,"(5, 8)",100.0,2.599999999999994,0.0,0.0
42,"(6, 1)",100.0,2.8999999999999955,0.0,0.0
42,"(6, 6)",100.0,9.366666666666667,0.0,0.0
42,"(6, 7)",100.0,9.366666666666667,0.0,0.0
42,"(7, 7)",100.0,9.366666666666667,0.0,0.0
42,"(8, 6)",100.0,100.0,0.0,0.0
42,"(9, 5)",100.0,100.0,0.0,0.0
42,"(9, 9)",100.0,2.8999999999999972,0.0,0.0
43,"(0, 1)",100.0,2.899999999999983,0.0,0.0
43,"(0, 8)",100.0,13.200000000000003,0.0,0.0
43,"(1, 1)",100.0,2.899999999999983,0.0,0.0
43,"(1, 3)",100.0,12.9,0.0,0.0
43,"(1, 5)",100.0,3.199999999999997,0.0,0.0
43,"(1, 9)",100.0,100.0,0.0,0.0
43,"(2, 0)",100.0,3.1999999999999953,0.0,0.0
43,"(2, 6)",100.0,5.399999999999998,0.0,0.0
43,"(2, 7)",100.0,5.399999999999998,0.0,0.0
43,"(2, 8)",100.0,5.399999999999998,0.0,0.0
43,"(3, 8)",100.0,5.399999999999998,0.0,0.0
43,"(4, 2)",100.0,3.199999999999999,0.0,0.0
43,"(5, 4)",100.0,8.200000000000001,0.0,0.0
43,"(5, 5)",100.0,8.200000000000001,0.0,0.0
43,"(5, 8)",100.0,2.8999999999999937,0.0,0.0
43,"(6, 1)",100.0,3.1999999999999953,0.0,0.0
43,"(6, 6)",100.0,9.666666666666668,0.0,0.0
43,"(6, 7)",100.0,9.666666666666668,0.0,0.0
43,"(7, 7)",100.0,9.666666666666668,0.0,0.0
43,"(8, 6)",100.0,100.0,0.0,0.0
43,"(9, 5)",100.0,100.0,0.0,0.0
43,"(9, 9)",100.0,3.199999999999997,0.0,0.0
44,"(0, 1)",100.0,3.199999999999983,0.0,0.0
44,"(0, 8)",100.0,13.500000000000004,0.0,0.0
44,"(1, 1)",100.0,3.199999999999983,0.0,0.0
44,"(1, 3)",100.0,13.200000000000001,0.0,0.0
44,"(1, 5)",100.0,3.499999999999997,0.0,0.0
44,"(1, 9)",100.0,100.0,0.0,0.0
44,"(2, 0)",100.0,3.499999999999995,0.0,0.0
44,"(2, 6)",100.0,5.6999999999999975,0.0,0.0
44,"(2, 7)",100.0,5.6999999999999975,0.0,0.0
44,"(2, 8)",100.0,5.6999999999999975,0.0,0.0
44,"(3, 8)",100.0,5.6999999999999975,0.0,0.0
44,"(4, 2)",100.0,3.4999999999999987,0.0,0.0
44,"(5, 4)",100.0,8.500000000000002,0.0,0.0
44,"(5, 5)",100.0,8.500000000000002,0.0,0.0
44,"(5, 8)",100.0,3.1999999999999935,0.0,0.0
44,"(6, 1)",100.0,3.499999999999995,0.0,0.0
44,"(6, 6)",100.0,9.966666666666669,0.0,0.0
44,"(6, 7)",100.0,9.966666666666669,0.0,0.0
44,"(7, 7)",100.0,9.966666666666669,0.0,0.0
44,"(8, 6)",100.0,100.0,0.0,0.0
44,"(9, 5)",100.0,100.0,0.0,0.0
44,"(9, 9)",100.0,3.499999999999997,0.0,0.0
45,"(0, 1)",100.0,3.4999999999999827,0.0,0.0
45,"(0, 8)",100.0,13.800000000000004,0.0,0.0
45,"(1, 1)",100.0,3.4999999999999827,0.0,0.0
45,"(1, 3)",100.0,13.500000000000002,0.0,0.0
45,"(1, 5)",100.0,3.7999999999999967,0.0,0.0
45,"(1, 9)",100.0,100.0,0.0,0.0
45,"(2, 0)",100.0,3.799999999999995,0.0,0.0
45,"(2, 6)",100.0,5.999999999999997,0.0,0.0
45,"(2, 7)",100.0,5.999999999999997,0.0,0.0
45,"(2, 8)",100.0,5.999999999999997,0.0,0.0
45,"(3, 8)",100.0,5.999999999999997,0.0,0.0
45,"(4, 2)",100.0,3.7999999999999985,0.0,0.0
45,"(5, 4)",100.0,8.800000000000002,0.0,0.0
45,"(5, 5)",100.0,8.800000000000002,0.0,0.0
45,"(5, 8)",100.0,3.4999999999999933,0.0,0.0
45,"(6, 1)",100.0,3.799999999999995,0.0,0.0
45,"(6, 6)",100.0,10.26666666666667,0.0,0.0
45,"(6, 7)",100.0,10.26666666666667,0.0,0.0
45,"(7, 7)",100.0,0.26666666666666927,0.0,0.0
45,"(8, 6)",100.0,100.0,0.0,0.0
45,"(9, 5)",100.0,100.0,0.0,0.0
45,"(9, 9)",100.0,3.7999999999999967,0.0,0.0
46,"(0, 1)",100.0,3.7999999999999825,0.0,0.0
46,"(0, 8)",100.0,14.100000000000005,0.0,0.0
46,"(1, 1)",100.0,3.7999999999999825,0.0,0.0
46,"(1, 3)",100.0,13.800000000000002,0.0,0.0
46,"(1, 5)",100.0,4.099999999999997,0.0,0.0
46,"(1, 9)",100.0,100.0,0.0,0.0
46,"(2, 0)",100.0,4.099999999999995,0.0,0.0
46,"(2, 6)",100.0,6.299999999999997,0.0,0.0
46,"(2, 7)",100.0,6.299999999999997,0.0,0.0
46,"(2, 8)",100.0,6.299999999999997,0.0,0.0
46,"(3, 8)",100.0,6.299999999999997,0.0,0.0
46,"(4, 2)",100.0,4.099999999999999,0.0,0.0
46,"(5, 4)",100.0,9.100000000000003,0.0,0.0
46,"(5, 5)",100.0,9.100000000000003,0.0,0.0
46,"(5, 8)",100.0,3.799999999999993,0.0,0.0
46,"(6, 1)",100.0,4.099999999999995,0.0,0.0
46,"(6, 6)",100.0,7.233333333333336,0.0,0.0
46,"(6, 7)",100.0,7.233333333333336,0.0,0.0
46,"(7, 7)",100.0,7.233333333333336,0.0,0.0
46,"(8, 6)",100.0,100.0,0.0,0.0
46,"(9, 5)",100.0,100.0,0.0,0.0
46,"(9, 9)",100.0,4.099999999999997,0.0,0.0
47,"(0, 1)",100.0,4.099999999999983,0.0,0.0
47,"(0, 8)",100.0,14.400000000000006,0.0,0.0
47,"(1, 1)",100.0,4.099999999999983,0.0,0.0
47,"(1, 3)",100.0,14.100000000000003,0.0,0.0
47,"(1, 5)",100.0,4.399999999999997,0.0,0.0
47,"(1, 9)",100.0,100.0,0.0,0.0
47,"(2, 0)",100.0,4.399999999999995,0.0,0.0
47,"(2, 6)",100.0,6.599999999999997,0.0,0.0
47,"(2, 7)",100.0,6.599999999999997,0.0,0.0
47,"(2, 8)",100.0,6.599999999999997,0.0,0.0
47,"(3, 8)",100.0,6.599999999999997,0.0,0.0
47,"(4, 2)",100.0,4.399999999999999,0.0,0.0
47,"(5, 4)",100.0,9.400000000000004,0.0,0.0
47,"(5, 5)",100.0,9.400000000000004,0.0,0.0
47,"(5, 8)",100.0,4.099999999999993,0.0,0.0
47,"(6, 1)",100.0,4.399999999999995,0.0,0.0
47,"(6, 6)",100.0,7.533333333333337,0.0,0.0
47,"(6, 7)",100.0,7.533333333333337,0.0,0.0
47,"(7, 7)",100.0,7.533333333333337,0.0,0.0
47,"(8, 6)",100.0,100.0,0.0,0.0
47,"(9, 5)",100.0,100.0,0.0,0.0
47,"(9, 9)",100.0,4.399999999999997,0.0,0.0
48,"(0, 1)",100.0,4.399999999999983,0.0,0.0
48,"(0, 8)",100.0,14.700000000000006,0.0,0.0
48,"(1, 1)",100.0,4.399999999999983,0.0,0.0
48,"(1, 3)",100.0,14.400000000000004,0.0,0.0
48,"(1, 5)",100.0,4.699999999999997,0.0,0.0
48,"(1, 9)",100.0,100.0,0.0,0.0
48,"(2, 0)",100.0,4.699999999999995,0.0,0.0
48,"(2, 6)",100.0,6.899999999999997,0.0,0.0
48,"(2, 7)",100.0,6.899999999999997,0.0,0.0
48,"(2, 8)",100.0,6.899999999999997,0.0,0.0
48,"(3, 8)",100.0,6.899999999999997,0.0,0.0
48,"(4, 2)",100.0,4.699999999999998,0.0,0.0
48,"(5, 4)",100.0,9.700000000000005,0.0,0.0
48,"(5, 5)",100.0,9.700000000000005,0.0,0.0
48,"(5, 8)",100.0,4.399999999999993,0.0,0.0
48,"(6, 1)",100.0,4.699999999999995,0.0,0.0
48,"(6, 6)",100.0,7.833333333333336,0.0,0.0
48,"(6, 7)",100.0,7.833333333333336,0.0,0.0
48,"(7, 7)",100.0,7.833333333333336,0.0,0.0
48,"(8, 6)",100.0,100.0,0.0,0.0
48,"(9, 5)",100.0,100.0,0.0,0.0
48,"(9, 9)",100.0,4.699999999999997,0.0,0.0
49,"(0, 1)",100.0,4.699999999999982,0.0,0.0
49,"(0, 8)",100.0,15.000000000000007,0.0,0.0
49,"(1, 1)",100.0,4.699999999999982,0.0,0.0
49,"(1, 3)",100.0,14.700000000000005,0.0,0.0
49,"(1, 5)",100.0,4.9999999999999964,0.0,0.0
49,"(1, 9)",100.0,100.0,0.0,0.0
49,"(2, 0)",100.0,4.999999999999995,0.0,0.0
49,"(2, 6)",100.0,7.199999999999997,0.0,0.0
49,"(2, 7)",100.0,7.199999999999997,0.0,0.0
49,"(2, 8)",100.0,7.199999999999997,0.0,0.0
49,"(3, 8)",100.0,7.199999999999997,0.0,0.0
49,"(4, 2)",100.0,4.999999999999998,0.0,0.0
49,"(5, 4)",100.0,10.000000000000005,0.0,0.0
49,"(5, 5)",100.0,10.000000000000005,0.0,0.0
49,"(5, 8)",100.0,4.699999999999993,0.0,0.0
49,"(6, 1)",100.0,4.999999999999995,0.0,0.0
49,"(6, 6)",100.0,8.133333333333336,0.0,0.0
49,"(6, 7)",100.0,8.133333333333336,0.0,0.0
49,"(7, 7)",100.0,8.133333333333336,0.0,0.0
49,"(8, 6)",100.0,100.0,0.0,0.0
49,"(9, 5)",100.0,100.0,0.0,0.0
49,"(9, 9)",100.0,4.9999999999999964,0.0,0.0
50,"(0, 1)",100.0,4.999999999999982,0.0,0.0
50,"(0, 8)",100.0,15.300000000000008,0.0,0.0
50,"(1, 1)",100.0,4.999999999999982,0.0,0.0
50,"(1, 3)",100.0,15.000000000000005,0.0,0.0
50,"(1, 5)",100.0,5.299999999999996,0.0,0.0
50,"(1, 9)",100.0,100.0,0.0,0.0
50,"(2, 0)",100.0,5.2999999999999945,0.0,0.0
50,"(2, 6)",100.0,7.4999999999999964,0.0,0.0
50,"(2, 7)",100.0,7.4999999999999964,0.0,0.0
50,"(2, 8)",100.0,7.4999999999999964,0.0,0.0
50,"(3, 8)",100.0,7.4999999999999964,0.0,0.0
50,"(4, 2)",100.0,5.299999999999998,0.0,0.0
50,"(5, 4)",100.0,10.300000000000006,0.0,0.0
50,"(5, 5)",100.0,0.3000000000000053,0.0,0.0
50,"(5, 8)",100.0,4.999999999999993,0.0,0.0
50,"(6, 1)",100.0,5.2999999999999945,0.0,0.0
50,"(6, 6)",100.0,8.433333333333337,0.0,0.0
50,"(6, 7)",100.0,8.433333333333337,0.0,0.0
50,"(7, 7)",100.0,8.433333333333337,0.0,0.0
50,"(8, 6)",100.0,100.0,0.0,0.0
50,"(9, 5)",100.0,100.0,0.0,0.0
50,"(9, 9)",100.0,5.299999999999996,0.0,0.0
51,"(0, 1)",100.0,5.299999999999982,0.0,0.0
51,"(0, 8)",100.0,15.600000000000009,0.0,0.0
51,"(1, 1)",100.0,5.299999999999982,0.0,0.0
51,"(1, 3)",100.0,15.300000000000006,0.0,0.0
51,"(1, 5)",100.0,5.599999999999996,0.0,0.0
51,"(1, 9)",100.0,100.0,0.0,0.0
51,"(2, 0)",100.0,5.599999999999994,0.0,0.0
51,"(2, 6)",100.0,7.799999999999996,0.0,0.0
51,"(2, 7)",100.0,7.799999999999996,0.0,0.0
51,"(2, 8)",100.0,7.799999999999996,0.0,0.0
51,"(3, 8)",100.0,7.799999999999996,0.0,0.0
51,"(4, 2)",100.0,5.599999999999998,0.0,0.0
51,"(5, 4)",100.0,5.600000000000006,0.0,0.0
51,"(5, 5)",100.0,5.600000000000006,0.0,0.0
51,"(5, 8)",100.0,5.299999999999993,0.0,0.0
51,"(6, 1)",100.0,5.599999999999994,0.0,0.0
51,"(6, 6)",100.0,8.733333333333338,0.0,0.0
51,"(6, 7)",100.0,8.733333333333338,0.0,0.0
51,"(7, 7)",100.0,8.733333333333338,0.0,0.0
51,"(8, 6)",100.0,100.0,0.0,0.0
51,"(9, 5)",100.0,100.0,0.0,0.0
51,"(9, 9)",100.0,5.599999999999996,0.0,0.0
52,"(0, 1)",100.0,5.599999999999982,0.0,0.0
52,"(0, 8)",100.0,15.90000000000001,0.0,0.0
52,"(1, 1)",100.0,5.599999999999982,0.0,0.0
52,"(1, 3)",100.0,15.600000000000007,0.0,0.0
52,"(1, 5)",100.0,5.899999999999996,0.0,0.0
52,"(1, 9)",100.0,100.0,0.0,0.0
52,"(2, 0)",100.0,5.899999999999994,0.0,0.0
52,"(2, 6)",100.0,8.099999999999996,0.0,0.0
52,"(2, 7)",100.0,8.099999999999996,0.0,0.0
52,"(2, 8)",100.0,8.099999999999996,0.0,0.0
52,"(3, 8)",100.0,8.099999999999996,0.0,0.0
52,"(4, 2)",100.0,5.899999999999998,0.0,0.0
52,"(5, 4)",100.0,5.900000000000006,0.0,0.0
52,"(5, 5)",100.0,5.900000000000006,0.0,0.0
52,"(5, 8)",100.0,5.5999999999999925,0.0,0.0
52,"(6, 1)",100.0,5.899999999999994,0.0,0.0
52,"(6, 6)",100.0,9.033333333333339,0.0,0.0
52,"(6, 7)",100.0,9.033333333333339,0.0,0.0
52,"(7, 7)",100.0,9.033333333333339,0.0,0.0
52,"(8, 6)",100.0,100.0,0.0,0.0
52,"(9, 5)",100.0,100.0,0.0,0.0
52,"(9, 9)",100.0,5.899999999999996,0.0,0.0
53,"(0, 1)",100.0,5.899999999999982,0.0,0.0
53,"(0, 8)",100.0,16.20000000000001,0.0,0.0
53,"(1, 1)",100.0,5.899999999999982,0.0,0.0
53,"(1, 3)",100.0,15.900000000000007,0.0,0.0
53,"(1, 5)",100.0,6.199999999999996,0.0,0.0
53,"(1, 9)",100.0,100.0,0.0,0.0
53,"(2, 0)",100.0,6.199999999999994,0.0,0.0
53,"(2, 6)",100.0,8.399999999999997,0.0,0.0
53,"(2, 7)",100.0,8.399999999999997,0.0,0.0
53,"(2, 8)",100.0,8.399999999999997,0.0,0.0
53,"(3, 8)",100.0,8.399999999999997,0.0,0.0
53,"(4, 2)",100.0,6.1999999999999975,0.0,0.0
53,"(5, 4)",100.0,6.2000000000000055,0.0,0.0
53,"(5, 5)",100.0,6.2000000000000055,0.0,0.0
53,"(5, 8)",100.0,5.899999999999992,0.0,0.0
53,"(6, 1)",100.0,6.199999999999994,0.0,0.0
53,"(6, 6)",100.0,9.33333333333334,0.0,0.0
53,"(6, 7)",100.0,9.33333333333334,0.0,0.0
53,"(7, 7)",100.0,9.33333333333334,0.0,0.0
53,"(8, 6)",100.0,100.0,0.0,0.0
53,"(9, 5)",100.0,100.0,0.0,0.0
53,"(9, 9)",100.0,6.199999999999996,0.0,0.0
54,"(0, 1)",100.0,6.1999999999999815,0.0,0.0
54,"(0, 8)",100.0,16.50000000000001,0.0,0.0
54,"(1, 1)",100.0,6.1999999999999815,0.0,0.0
54,"(1, 3)",100.0,16.200000000000006,0.0,0.0
54,"(1, 5)",100.0,6.499999999999996,0.0,0.0
54,"(1, 9)",100.0,100.0,0.0,0.0
54,"(2, 0)",100.0,6.499999999999994,0.0,0.0
54,"(2, 6)",100.0,8.699999999999998,0.0,0.0
54,"(2, 7)",100.0,8.699999999999998,0.0,0.0
54,"(2, 8)",100.0,8.699999999999998,0.0,0.0
54,"(3, 8)",100.0,8.699999999999998,0.0,0.0
54,"(4, 2)",100.0,6.499999999999997,0.0,0.0
54,"(5, 4)",100.0,6.500000000000005,0.0,0.0
54,"(5, 5)",100.0,6.500000000000005,0.0,0.0
54,"(5, 8)",100.0,6.199999999999992,0.0,0.0
54,"(6, 1)",100.0,6.499999999999994,0.0,0.0
54,"(6, 6)",100.0,9.63333333333334,0.0,0.0
54,"(6, 7)",100.0,9.63333333333334,0.0,0.0
54,"(7, 7)",100.0,9.63333333333334,0.0,0.0
54,"(8, 6)",100.0,100.0,0.0,0.0
54,"(9, 5)",100.0,100.0,0.0,0.0
54,"(9, 9)",100.0,6.499999999999996,0.0,0.0
55,"(0, 1)",100.0,6.499999999999981,0.0,0.0
55,"(0, 8)",100.0,16.80000000000001,0.0,0.0
55,"(1, 1)",100.0,6.499999999999981,0.0,0.0
55,"(1, 3)",100.0,16.500000000000007,0.0,0.0
55,"(1, 5)",100.0,6.799999999999995,0.0,0.0
55,"(1, 9)",100.0,100.0,0.0,0.0
55,"(2, 0)",100.0,6.799999999999994,0.0,0.0
55,"(2, 6)",100.0,8.999999999999998,0.0,0.0
55,"(2, 7)",100.0,8.999999999999998,0.0,0.0
55,"(2, 8)",100.0,8.999999999999998,0.0,0.0
55,"(3, 8)",100.0,8.999999999999998,0.0,0.0
55,"(4, 2)",100.0,6.799999999999997,0.0,0.0
55,"(5, 4)",100.0,6.800000000000005,0.0,0.0
55,"(5, 5)",100.0,6.800000000000005,0.0,0.0
55,"(5, 8)",100.0,6.499999999999992,0.0,0.0
55,"(6, 1)",100.0,6.799999999999994,0.0,0.0
55,"(6, 6)",100.0,9.93333333333334,0.0,0.0
55,"(6, 7)",100.0,9.93333333333334,0.0,0.0
55,"(7, 7)",100.0,9.93333333333334,0.0,0.0
55,"(8, 6)",100.0,100.0,0.0,0.0
55,"(9, 5)",100.0,100.0,0.0,0.0
55,"(9, 9)",100.0,6.799999999999995,0.0,0.0
56,"(0, 1)",100.0,6.799999999999981,0.0,0.0
56,"(0, 8)",100.0,17.100000000000012,0.0,0.0
56,"(1, 1)",100.0,6.799999999999981,0.0,0.0
56,"(1, 3)",100.0,16.800000000000008,0.0,0.0
56,"(1, 5)",100.0,7.099999999999995,0.0,0.0
56,"(1, 9)",100.0,100.0,0.0,0.0
56,"(2, 0)",100.0,7.099999999999993,0.0,0.0
56,"(2, 6)",100.0,9.299999999999999,0.0,0.0
56,"(2, 7)",100.0,9.299999999999999,0.0,0.0
56,"(2, 8)",100.0,9.299999999999999,0.0,0.0
56,"(3, 8)",100.0,9.299999999999999,0.0,0.0
56,"(4, 2)",100.0,7.099999999999997,0.0,0.0
56,"(5, 4)",100.0,7.100000000000005,0.0,0.0
56,"(5, 5)",100.0,7.100000000000005,0.0,0.0
56,"(5, 8)",100.0,6.799999999999992,0.0,0.0
56,"(6, 1)",100.0,7.099999999999993,0.0,0.0
56,"(6, 6)",100.0,10.233333333333341,0.0,0.0
56,"(6, 7)",100.0,10.233333333333341,0.0,0.0
56,"(7, 7)",100.0,0.2333333333333414,0.0,0.0
56,"(8, 6)",100.0,100.0,0.0,0.0
56,"(9, 5)",100.0,100.0,0.0,0.0
56,"(9, 9)",100.0,7.099999999999995,0.0,0.0
57,"(0, 1)",100.0,7.099999999999981,0.0,0.0
57,"(0, 8)",100.0,17.400000000000013,0.0,0.0
57,"(1, 1)",100.0,7.099999999999981,0.0,0.0
57,"(1, 3)",100.0,17.10000000000001,0.0,0.0
57,"(1, 5)",100.0,7.399999999999995,0.0,0.0
57,"(1, 9)",100.0,100.0,0.0,0.0
57,"(2, 0)",100.0,7.399999999999993,0.0,0.0
57,"(2, 6)",100.0,9.6,0.0,0.0
57,"(2, 7)",100.0,9.6,0.0,0.0
57,"(2, 8)",100.0,9.6,0.0,0.0
57,"(3, 8)",100.0,9.6,0.0,0.0
57,"(4, 2)",100.0,7.399999999999997,0.0,0.0
57,"(5, 4)",100.0,7.400000000000005,0.0,0.0
57,"(5, 5)",100.0,7.400000000000005,0.0,0.0
57,"(5, 8)",100.0,7.099999999999992,0.0,0.0
57,"(6, 1)",100.0,7.399999999999993,0.0,0.0
57,"(6, 6)",100.0,7.200000000000008,0.0,0.0
57,"(6, 7)",100.0,7.200000000000008,0.0,0.0
57,"(7, 7)",100.0,7.200000000000008,0.0,0.0
57,"(8, 6)",100.0,100.0,0.0,0.0
57,"(9, 5)",100.0,100.0,0.0,0.0
57,"(9, 9)",100.0,7.399999999999995,0.0,0.0
58,"(0, 1)",100.0,7.399999999999981,0.0,0.0
58,"(0, 8)",100.0,17.700000000000014,0.0,0.0
58,"(1, 1)",100.0,7.399999999999981,0.0,0.0
58,"(1, 3)",100.0,17.40000000000001,0.0,0.0
58,"(1, 5)",100.0,7.699999999999995,0.0,0.0
58,"(1, 9)",100.0,100.0,0.0,0.0
58,"(2, 0)",100.0,7.699999999999993,0.0,0.0
58,"(2, 6)",100.0,9.9,0.0,0.0
58,"(2, 7)",100.0,9.9,0.0,0.0
58,"(2, 8)",100.0,9.9,0.0,0.0
58,"(3, 8)",100.0,9.9,0.0,0.0
58,"(4, 2)",100.0,7.699999999999997,0.0,0.0
58,"(5, 4)",100.0,7.700000000000005,0.0,0.0
58,"(5, 5)",100.0,7.700000000000005,0.0,0.0
58,"(5, 8)",100.0,7.3999999999999915,0.0,0.0
58,"(6, 1)",100.0,7.699999999999993,0.0,0.0
58,"(6, 6)",100.0,7.500000000000007,0.0,0.0
58,"(6, 7)",100.0,7.500000000000007,0.0,0.0
58,"(7, 7)",100.0,7.500000000000007,0.0,0.0
58,"(8, 6)",100.0,100.0,0.0,0.0
58,"(9, 5)",100.0,100.0,0.0,0.0
58,"(9, 9)",100.0,7.699999999999995,0.0,0.0
59,"(0, 1)",100.0,7.699999999999981,0.0,0.0
59,"(0, 8)",100.0,18.000000000000014,0.0,0.0
59,"(1, 1)",100.0,7.699999999999981,0.0,0.0
59,"(1, 3)",100.0,17.70000000000001,0.0,0.0
59,"(1, 5)",100.0,7.999999999999995,0.0,0.0
59,"(1, 9)",100.0,100.0,0.0,0.0
59,"(2, 0)",100.0,7.999999999999993,0.0,0.0
59,"(2, 6)",100.0,10.200000000000001,0.0,0.0
59,"(2, 7)",100.0,0.20000000000000107,0.0,0.0
59,"(2, 8)",100.0,10.200000000000001,0.0,0.0
59,"(3, 8)",100.0,0.20000000000000107,0.0,0.0
59,"(4, 2)",100.0,7.9999999999999964,0.0,0.0
59,"(5, 4)",100.0,8.000000000000005,0.0,0.0
59,"(5, 5)",100.0,8.000000000000005,0.0,0.0
59,"(5, 8)",100.0,7.699999999999991,0.0,0.0
59,"(6, 1)",100.0,7.999999999999993,0.0,0.0
59,"(6, 6)",100.0,7.800000000000007,0.0,0.0
59,"(6, 7)",100.0,7.800000000000007,0.0,0.0
59,"(7, 7)",100.0,7.800000000000007,0.0,0.0
59,"(8, 6)",100.0,100.0,0.0,0.0
59,"(9, 5)",100.0,100.0,0.0,0.0
59,"(9, 9)",100.0,7.999999999999995,0.0,0.0
60,"(0, 1)",100.0,7.9999999999999805,0.0,0.0
60,"(0, 8)",100.0,18.300000000000015,0.0,0.0
60,"(1, 1)",100.0,7.9999999999999805,0.0,0.0
60,"(1, 3)",100.0,18.00000000000001,0.0,0.0
60,"(1, 5)",100.0,8.299999999999995,0.0,0.0
60,"(1, 9)",100.0,100.0,0.0,0.0
60,"(2, 0)",100.0,8.299999999999994,0.0,0.0
60,"(2, 6)",100.0,5.500000000000001,0.0,0.0
60,"(2, 7)",100.0,5.500000000000001,0.0,0.0
60,"(2, 8)",100.0,5.500000000000001,0.0,0.0
60,"(3, 8)",100.0,5.500000000000001,0.0,0.0
60,"(4, 2)",100.0,8.299999999999997,0.0,0.0
60,"(5, 4)",100.0,8.300000000000006,0.0,0.0
60,"(5, 5)",100.0,8.300000000000006,0.0,0.0
60,"(5, 8)",100.0,7.999999999999991,0.0,0.0
60,"(6, 1)",100.0,8.299999999999994,0.0,0.0
60,"(6, 6)",100.0,8.100000000000007,0.0,0.0
60,"(6, 7)",100.0,8.100000000000007,0.0,0.0
60,"(7, 7)",100.0,8.100000000000007,0.0,0.0
60,"(8, 6)",100.0,100.0,0.0,0.0
60,"(9, 5)",100.0,100.0,0.0,0.0
60,"(9, 9)",100.0,8.299999999999995,0.0,0.0
61,"(0, 1)",100.0,8.299999999999981,0.0,0.0
61,"(0, 8)",100.0,18.600000000000016,0.0,0.0
61,"(1, 1)",100.0,8.299999999999981,0.0,0.0
61,"(1, 3)",100.0,18.30000000000001,0.0,0.0
61,"(1, 5)",100.0,8.599999999999996,0.0,0.0
61,"(1, 9)",100.0,100.0,0.0,0.0
61,"(2, 0)",100.0,8.599999999999994,0.0,0.0
61,"(2, 6)",100.0,5.800000000000001,0.0,0.0
61,"(2, 7)",100.0,5.800000000000001,0.0,0.0
61,"(2, 8)",100.0,5.800000000000001,0.0,0.0
61,"(3, 8)",100.0,5.800000000000001,0.0,0.0
61,"(4, 2)",100.0,8.599999999999998,0.0,0.0
61,"(5, 4)",100.0,8.600000000000007,0.0,0.0
61,"(5, 5)",100.0,8.600000000000007,0.0,0.0
61,"(5, 8)",100.0,8.299999999999992,0.0,0.0
61,"(6, 1)",100.0,8.599999999999994,0.0,0.0
61,"(6, 6)",100.0,8.400000000000007,0.0,0.0
61,"(6, 7)",100.0,8.400000000000007,0.0,0.0
61,"(7, 7)",100.0,8.400000000000007,0.0,0.0
61,"(8, 6)",100.0,100.0,0.0,0.0
61,"(9, 5)",100.0,100.0,0.0,0.0
61,"(9, 9)",100.0,8.599999999999996,0.0,0.0
62,"(0, 1)",100.0,8.599999999999982,0.0,0.0
62,"(0, 8)",100.0,18.900000000000016,0.0,0.0
62,"(1, 1)",100.0,8.599999999999982,0.0,0.0
62,"(1, 3)",100.0,18.600000000000012,0.0,0.0
62,"(1, 5)",100.0,8.899999999999997,0.0,0.0
62,"(1, 9)",100.0,100.0,0.0,0.0
62,"(2, 0)",100.0,8.899999999999995,0.0,0.0
62,"(2, 6)",100.0,6.1000000000000005,0.0,0.0
62,"(2, 7)",100.0,6.1000000000000005,0.0,0.0
62,"(2, 8)",100.0,6.1000000000000005,0.0,0.0
62,"(3, 8)",100.0,6.1000000000000005,0.0,0.0
62,"(4, 2)",100.0,8.899999999999999,0.0,0.0
62,"(5, 4)",100.0,8.900000000000007,0.0,0.0
62,"(5, 5)",100.0,8.900000000000007,0.0,0.0
62,"(5, 8)",100.0,8.599999999999993,0.0,0.0
62,"(6, 1)",100.0,8.899999999999995,0.0,0.0
62,"(6, 6)",100.0,8.700000000000008,0.0,0.0
62,"(6, 7)",100.0,8.700000000000008,0.0,0.0
62,"(7, 7)",100.0,8.700000000000008,0.0,0.0
62,"(8, 6)",100.0,100.0,0.0,0.0
62,"(9, 5)",100.0,100.0,0.0,0.0
62,"(9, 9)",100.0,8.899999999999997,0.0,0.0
63,"(0, 1)",100.0,8.899999999999983,0.0,0.0
63,"(0, 8)",100.0,19.200000000000017,0.0,0.0
63,"(1, 1)",100.0,8.899999999999983,0.0,0.0
63,"(1, 3)",100.0,18.900000000000013,0.0,0.0
63,"(1, 5)",100.0,9.199999999999998,0.0,0.0
63,"(1, 9)",100.0,100.0,0.0,0.0
63,"(2, 0)",100.0,9.199999999999996,0.0,0.0
63,"(2, 6)",100.0,6.4,0.0,0.0
63,"(2, 7)",100.0,6.4,0.0,0.0
63,"(2, 8)",100.0,6.4,0.0,0.0
63,"(3, 8)",100.0,6.4,0.0,0.0
63,"(4, 2)",100.0,9.2,0.0,0.0
63,"(5, 4)",100.0,9.200000000000008,0.0,0.0
63,"(5, 5)",100.0,9.200000000000008,0.0,0.0
63,"(5, 8)",100.0,8.899999999999993,0.0,0.0
63,"(6, 1)",100.0,9.199999999999996,0.0,0.0
63,"(6, 6)",100.0,9.000000000000009,0.0,0.0
63,"(6, 7)",100.0,9.000000000000009,0.0,0.0
63,"(7, 7)",100.0,9.000000000000009,0.0,0.0
63,"(8, 6)",100.0,100.0,0.0,0.0
63,"(9, 5)",100.0,100.0,0.0,0.0
63,"(9, 9)",100.0,9.199999999999998,0.0,0.0
64,"(0, 1)",100.0,9.199999999999983,0.0,0.0
64,"(0, 8)",100.0,19.500000000000018,0.0,0.0
64,"(1, 1)",100.0,9.199999999999983,0.0,0.0
64,"(1, 3)",100.0,19.200000000000014,0.0,0.0
64,"(1, 5)",100.0,9.499999999999998,0.0,0.0
64,"(1, 9)",100.0,100.0,0.0,0.0
64,"(2, 0)",100.0,9.499999999999996,0.0,0.0
64,"(2, 6)",100.0,6.7,0.0,0.0
64,"(2, 7)",100.0,6.7,0.0,0.0
64,"(2, 8)",100.0,6.7,0.0,0.0
64,"(3, 8)",100.0,6.7,0.0,0.0
64,"(4, 2)",100.0,9.5,0.0,0.0
64,"(5, 4)",100.0,9.500000000000009,0.0,0.0
64,"(5, 5)",100.0,9.500000000000009,0.0,0.0
64,"(5, 8)",100.0,9.199999999999994,0.0,0.0
64,"(6, 1)",100.0,9.499999999999996,0.0,0.0
64,"(6, 6)",100.0,9.30000000000001,0.0,0.0
64,"(6, 7)",100.0,9.30000000000001,0.0,0.0
64,"(7, 7)",100.0,9.30000000000001,0.0,0.0
64,"(8, 6)",100.0,100.0,0.0,0.0
64,"(9, 5)",100.0,100.0,0.0,0.0
64,"(9, 9)",100.0,9.499999999999998,0.0,0.0
65,"(0, 1)",100.0,9.499999999999984,0.0,0.0
65,"(0, 8)",100.0,19.80000000000002,0.0,0.0
65,"(1, 1)",100.0,9.499999999999984,0.0,0.0
65,"(1, 3)",100.0,19.500000000000014,0.0,0.0
65,"(1, 5)",100.0,9.799999999999999,0.0,0.0
65,"(1, 9)",100.0,100.0,0.0,0.0
65,"(2, 0)",100.0,9.799999999999997,0.0,0.0
65,"(2, 6)",100.0,7.0,0.0,0.0
65,"(2, 7)",100.0,7.0,0.0,0.0
65,"(2, 8)",100.0,7.0,0.0,0.0
65,"(3, 8)",100.0,7.0,0.0,0.0
65,"(4, 2)",100.0,9.8,0.0,0.0
65,"(5, 4)",100.0,9.80000000000001,0.0,0.0
65,"(5, 5)",100.0,9.80000000000001,0.0,0.0
65,"(5, 8)",100.0,9.499999999999995,0.0,0.0
65,"(6, 1)",100.0,9.799999999999997,0.0,0.0
65,"(6, 6)",100.0,9.60000000000001,0.0,0.0
65,"(6, 7)",100.0,9.60000000000001,0.0,0.0
65,"(7, 7)",100.0,9.60000000000001,0.0,0.0
65,"(8, 6)",100.0,100.0,0.0,0.0
65,"(9, 5)",100.0,100.0,0.0,0.0
65,"(9, 9)",100.0,9.799999999999999,0.0,0.0
66,"(0, 1)",100.0,9.799999999999985,0.0,0.0
66,"(0, 8)",100.0,0.10000000000001918,0.0,0.0
66,"(1, 1)",100.0,9.799999999999985,0.0,0.0
66,"(1, 3)",100.0,19.800000000000015,0.0,0.0
66,"(1, 5)",100.0,10.1,0.0,0.0
66,"(1, 9)",100.0,100.0,0.0,0.0
66,"(2, 0)",100.0,0.09999999999999787,0.0,0.0
66,"(2, 6)",100.0,7.3,0.0,0.0
66,"(2, 7)",100.0,7.3,0.0,0.0
66,"(2, 8)",100.0,7.3,0.0,0.0
66,"(3, 8)",100.0,7.3,0.0,0.0
66,"(4, 2)",100.0,10.100000000000001,0.0,0.0
66,"(5, 4)",100.0,10.10000000000001,0.0,0.0
66,"(5, 5)",100.0,10.10000000000001,0.0,0.0
66,"(5, 8)",100.0,9.799999999999995,0.0,0.0
66,"(6, 1)",100.0,0.09999999999999787,0.0,0.0
66,"(6, 6)",100.0,9.900000000000011,0.0,0.0
66,"(6, 7)",100.0,9.900000000000011,0.0,0.0
66,"(7, 7)",100.0,9.900000000000011,0.0,0.0
66,"(8, 6)",100.0,100.0,0.0,0.0
66,"(9, 5)",100.0,100.0,0.0,0.0
66,"(9, 9)",100.0,10.1,0.0,0.0
67,"(0, 1)",100.0,0.09999999999998543,0.0,0.0
67,"(0, 8)",100.0,0.4000000000000192,0.0,0.0
67,"(1, 1)",100.0,0.09999999999998543,0.0,0.0
67,"(1, 3)",100.0,0.10000000000001563,0.0,0.0
67,"(1, 5)",100.0,0.39999999999999963,0.0,0.0
67,"(1, 9)",100.0,100.0,0.0,0.0
67,"(2, 0)",100.0,0.39999999999999786,0.0,0.0
67,"(2, 6)",100.0,7.6,0.0,0.0
67,"(2, 7)",100.0,7.6,0.0,0.0
67,"(2, 8)",100.0,7.6,0.0,0.0
67,"(3, 8)",100.0,7.6,0.0,0.0
67,"(4, 2)",100.0,0.4000000000000014,0.0,0.0
67,"(5, 4)",100.0,10.400000000000011,0.0,0.0
67,"(5, 5)",100.0,0.4000000000000103,0.0,0.0
67,"(5, 8)",100.0,0.09999999999999609,0.0,0.0
67,"(6, 1)",100.0,0.39999999999999786,0.0,0.0
67,"(6, 6)",100.0,10.200000000000012,0.0,0.0
67,"(6, 7)",100.0,10.200000000000012,0.0,0.0
67,"(7, 7)",100.0,0.20000000000001172,0.0,0.0
67,"(8, 6)",100.0,100.0,0.0,0.0
67,"(9, 5)",100.0,100.0,0.0,0.0
67,"(9, 9)",100.0,0.39999999999999963,0.0,0.0
68,"(0, 1)",100.0,0.3999999999999854,0.0,0.0
68,"(0, 8)",100.0,0.7000000000000192,0.0,0.0
68,"(1, 1)",100.0,0.3999999999999854,0.0,0.0
68,"(1, 3)",100.0,0.4000000000000156,0.0,0.0
68,"(1, 5)",100.0,0.6999999999999996,0.0,0.0
68,"(1, 9)",100.0,100.0,0.0,0.0
68,"(2, 0)",100.0,0.6999999999999978,0.0,0.0
68,"(2, 6)",100.0,7.8999999999999995,0.0,0.0
68,"(2, 7)",100.0,7.8999999999999995,0.0,0.0
68,"(2, 8)",100.0,7.8999999999999995,0.0,0.0
68,"(3, 8)",100.0,7.8999999999999995,0.0,0.0
68,"(4, 2)",100.0,0.7000000000000014,0.0,0.0
68,"(5, 4)",100.0,5.700000000000011,0.0,0.0
68,"(5, 5)",100.0,5.700000000000011,0.0,0.0
68,"(5, 8)",100.0,0.3999999999999961,0.0,0.0
68,"(6, 1)",100.0,0.6999999999999978,0.0,0.0
68,"(6, 6)",100.0,7.1666666666666785,0.0,0.0
68,"(6, 7)",100.0,7.1666666666666785,0.0,0.0
68,"(7, 7)",100.0,7.1666666666666785,0.0,0.0
68,"(8, 6)",100.0,100.0,0.0,0.0
68,"(9, 5)",100.0,100.0,0.0,0.0
68,"(9, 9)",100.0,0.6999999999999996,0.0,0.0
69,"(0, 1)",100.0,0.6999999999999854,0.0,0.0
69,"(0, 8)",100.0,1.000000000000019,0.0,0.0
69,"(1, 1)",100.0,0.6999999999999854,0.0,0.0
69,"(1, 3)",100.0,0.7000000000000156,0.0,0.0
69,"(1, 5)",100.0,0.9999999999999996,0.0,0.0
69,"(1, 9)",100.0,100.0,0.0,0.0
69,"(2, 0)",100.0,0.9999999999999978,0.0,0.0
69,"(2, 6)",100.0,8.2,0.0,0.0
69,"(2, 7)",100.0,8.2,0.0,0.0
69,"(2, 8)",100.0,8.2,0.0,0.0
69,"(3, 8)",100.0,8.2,0.0,0.0
69,"(4, 2)",100.0,1.0000000000000013,0.0,0.0
69,"(5, 4)",100.0,6.000000000000011,0.0,0.0
69,"(5, 5)",100.0,6.000000000000011,0.0,0.0
69,"(5, 8)",100.0,0.6999999999999961,0.0,0.0
69,"(6, 1)",100.0,0.9999999999999978,0.0,0.0
69,"(6, 6)",100.0,7.466666666666678,0.0,0.0
69,"(6, 7)",100.0,7.466666666666678,0.0,0.0
69,"(7, 7)",100.0,7.466666666666678,0.0,0.0
69,"(8, 6)",100.0,100.0,0.0,0.0
69,"(9, 5)",100.0,100.0,0.0,0.0
69,"(9, 9)",100.0,0.9999999999999996,0.0,0.0
70,"(0, 1)",100.0,0.9999999999999853,0.0,0.0
70,"(0, 8)",100.0,1.3000000000000191,0.0,0.0
70,"(1, 1)",100.0,0.9999999999999853,0.0,0.0
70,"(1, 3)",100.0,1.0000000000000155,0.0,0.0
70,"(1, 5)",100.0,1.2999999999999996,0.0,0.0
70,"(1, 9)",100.0,100.0,0.0,0.0
70,"(2, 0)",100.0,1.2999999999999978,0.0,0.0
70,"(2, 6)",100.0,8.5,0.0,0.0
70,"(2, 7)",100.0,8.5,0.0,0.0
70,"(2, 8)",100.0,8.5,0.0,0.0
70,"(3, 8)",100.0,8.5,0.0,0.0
70,"(4, 2)",100.0,1.3000000000000014,0.0,0.0
70,"(5, 4)",100.0,6.3000000000000105,0.0,0.0
70,"(5, 5)",100.0,6.3000000000000105,0.0,0.0
70,"(5, 8)",100.0,0.999999999999996,0.0,0.0
70,"(6, 1)",100.0,1.2999999999999978,0.0,0.0
70,"(6, 6)",100.0,7.766666666666678,0.0,0.0
70,"(6, 7)",100.0,7.766666666666678,0.0,0.0
70,"(7, 7)",100.0,7.766666666666678,0.0,0.0
70,"(8, 6)",100.0,100.0,0.0,0.0
70,"(9, 5)",100.0,100.0,0.0,0.0
70,"(9, 9)",100.0,1.2999999999999996,0.0,0.0
71,"(0, 1)",100.0,1.2999999999999854,0.0,0.0
71,"(0, 8)",100.0,1.6000000000000192,0.0,0.0
71,"(1, 1)",100.0,1.2999999999999854,0.0,0.0
71,"(1, 3)",100.0,1.3000000000000156,0.0,0.0
71,"(1, 5)",100.0,1.5999999999999996,0.0,0.0
71,"(1, 9)",100.0,100.0,0.0,0.0
71,"(2, 0)",100.0,1.5999999999999979,0.0,0.0
71,"(2, 6)",100.0,8.8,0.0,0.0
71,"(2, 7)",100.0,8.8,0.0,0.0
71,"(2, 8)",100.0,8.8,0.0,0.0
71,"(3, 8)",100.0,8.8,0.0,0.0
71,"(4, 2)",100.0,1.6000000000000014,0.0,0.0
71,"(5, 4)",100.0,6.60000000000001,0.0,0.0
71,"(5, 5)",100.0,6.60000000000001,0.0,0.0
71,"(5, 8)",100.0,1.299999999999996,0.0,0.0
71,"(6, 1)",100.0,1.5999999999999979,0.0,0.0
71,"(6, 6)",100.0,8.066666666666677,0.0,0.0
71,"(6, 7)",100.0,8.066666666666677,0.0,0.0
71,"(7, 7)",100.0,8.066666666666677,0.0,0.0
71,"(8, 6)",100.0,100.0,0.0,0.0
71,"(9, 5)",100.0,100.0,0.0,0.0
71,"(9, 9)",100.0,1.5999999999999996,0.0,0.0
72,"(0, 1)",100.0,1.5999999999999854,0.0,0.0
72,"(0, 8)",100.0,1.9000000000000192,0.0,0.0
72,"(1, 1)",100.0,1.5999999999999854,0.0,0.0
72,"(1, 3)",100.0,1.6000000000000156,0.0,0.0
72,"(1, 5)",100.0,1.8999999999999997,0.0,0.0
72,"(1, 9)",100.0,100.0,0.0,0.0
72,"(2, 0)",100.0,1.899999999999998,0.0,0.0
72,"(2, 6)",100.0,9.100000000000001,0.0,0.0
72,"(2, 7)",100.0,9.100000000000001,0.0,0.0
72,"(2, 8)",100.0,9.100000000000001,0.0,0.0
72,"(3, 8)",100.0,9.100000000000001,0.0,0.0
72,"(4, 2)",100.0,1.9000000000000015,0.0,0.0
72,"(5, 4)",100.0,6.90000000000001,0.0,0.0
72,"(5, 5)",100.0,6.90000000000001,0.0,0.0
72,"(5, 8)",100.0,1.599999999999996,0.0,0.0
72,"(6, 1)",100.0,1.899999999999998,0.0,0.0
72,"(6, 6)",100.0,8.366666666666678,0.0,0.0
72,"(6, 7)",100.0,8.366666666666678,0.0,0.0
72,"(7, 7)",100.0,8.366666666666678,0.0,0.0
72,"(8, 6)",100.0,100.0,0.0,0.0
72,"(9, 5)",100.0,100.0,0.0,0.0
72,"(9, 9)",100.0,1.8999999999999997,0.0,0.0
73,"(0, 1)",100.0,1.8999999999999855,0.0,0.0
73,"(0, 8)",100.0,2.2000000000000193,0.0,0.0
73,"(1, 1)",100.0,1.8999999999999855,0.0,0.0
73,"(1, 3)",100.0,1.9000000000000157,0.0,0.0
73,"(1, 5)",100.0,2.1999999999999997,0.0,0.0
73,"(1, 9)",100.0,100.0,0.0,0.0
73,"(2, 0)",100.0,2.199999999999998,0.0,0.0
73,"(2, 6)",100.0,9.400000000000002,0.0,0.0
73,"(2, 7)",100.0,9.400000000000002,0.0,0.0
73,"(2, 8)",100.0,9.400000000000002,0.0,0.0
73,"(3, 8)",100.0,9.400000000000002,0.0,0.0
73,"(4, 2)",100.0,2.2000000000000015,0.0,0.0
73,"(5, 4)",100.0,7.20000000000001,0.0,0.0
73,"(5, 5)",100.0,7.20000000000001,0.0,0.0
73,"(5, 8)",100.0,1.8999999999999961,0.0,0.0
73,"(6, 1)",100.0,2.199999999999998,0.0,0.0
73,"(6, 6)",100.0,8.666666666666679,0.0,0.0
73,"(6, 7)",100.0,8.666666666666679,0.0,0.0
73,"(7, 7)",100.0,8.666666666666679,0.0,0.0
73,"(8, 6)",100.0,100.0,0.0,0.0
73,"(9, 5)",100.0,100.0,0.0,0.0
73,"(9, 9)",100.0,2.1999999999999997,0.0,0.0
74,"(0, 1)",100.0,2.1999999999999855,0.0,0.0
74,"(0, 8)",100.0,2.500000000000019,0.0,0.0
74,"(1, 1)",100.0,2.1999999999999855,0.0,0.0
74,"(1, 3)",100.0,2.2000000000000157,0.0,0.0
74,"(1, 5)",100.0,2.4999999999999996,0.0,0.0
74,"(1, 9)",100.0,100.0,0.0,0.0
74,"(2, 0)",100.0,2.499999999999998,0.0,0.0
74,"(2, 6)",100.0,9.700000000000003,0.0,0.0
74,"(2, 7)",100.0,9.700000000000003,0.0,0.0
74,"(2, 8)",100.0,9.700000000000003,0.0,0.0
74,"(3, 8)",100.0,9.700000000000003,0.0,0.0
74,"(4, 2)",100.0,2.5000000000000013,0.0,0.0
74,"(5, 4)",100.0,7.50000000000001,0.0,0.0
74,"(5, 5)",100.0,7.50000000000001,0.0,0.0
74,"(5, 8)",100.0,2.199999999999996,0.0,0.0
74,"(6, 1)",100.0,2.499999999999998,0.0,0.0
74,"(6, 6)",100.0,8.96666666666668,0.0,0.0
74,"(6, 7)",100.0,8.96666666666668,0.0,0.0
74,"(7, 7)",100.0,8.96666666666668,0.0,0.0
74,"(8, 6)",100.0,100.0,0.0,0.0
74,"(9, 5)",100.0,100.0,0.0,0.0
74,"(9, 9)",100.0,2.4999999999999996,0.0,0.0
75,"(0, 1)",100.0,2.4999999999999853,0.0,0.0
75,"(0, 8)",100.0,2.800000000000019,0.0,0.0
75,"(1, 1)",100.0,2.4999999999999853,0.0,0.0
75,"(1, 3)",100.0,2.5000000000000155,0.0,0.0
75,"(1, 5)",100.0,2.7999999999999994,0.0,0.0
75,"(1, 9)",100.0,100.0,0.0,0.0
75,"(2, 0)",100.0,2.7999999999999976,0.0,0.0
75,"(2, 6)",100.0,10.000000000000004,0.0,0.0
75,"(2, 7)",100.0,3.552713678800501e-15,0.0,0.0
75,"(2, 8)",100.0,10.000000000000004,0.0,0.0
75,"(3, 8)",100.0,3.552713678800501e-15,0.0,0.0
75,"(4, 2)",100.0,2.800000000000001,0.0,0.0
75,"(5, 4)",100.0,7.80000000000001,0.0,0.0
75,"(5, 5)",100.0,7.80000000000001,0.0,0.0
75,"(5, 8)",100.0,2.499999999999996,0.0,0.0
75,"(6, 1)",100.0,2.7999999999999976,0.0,0.0
75,"(6, 6)",100.0,9.26666666666668,0.0,0.0
75,"(6, 7)",100.0,9.26666666666668,0.0,0.0
75,"(7, 7)",100.0,9.26666666666668,0.0,0.0
75,"(8, 6)",100.0,100.0,0.0,0.0
75,"(9, 5)",100.0,100.0,0.0,0.0
75,"(9, 9)",100.0,2.7999999999999994,0.0,0.0
76,"(0, 1)",100.0,2.799999999999985,0.0,0.0
76,"(0, 8)",100.0,3.1000000000000187,0.0,0.0
76,"(1, 1)",100.0,2.799999999999985,0.0,0.0
76,"(1, 3)",100.0,2.8000000000000154,0.0,0.0
76,"(1, 5)",100.0,3.099999999999999,0.0,0.0
76,"(1, 9)",100.0,100.0,0.0,0.0
76,"(2, 0)",100.0,3.0999999999999974,0.0,0.0
76,"(2, 6)",100.0,5.300000000000003,0.0,0.0
76,"(2, 7)",100.0,5.300000000000003,0.0,0.0
76,"(2, 8)",100.0,5.300000000000003,0.0,0.0
76,"(3, 8)",100.0,5.300000000000003,0.0,0.0
76,"(4, 2)",100.0,3.100000000000001,0.0,0.0
76,"(5, 4)",100.0,8.10000000000001,0.0,0.0
76,"(5, 5)",100.0,8.10000000000001,0.0,0.0
76,"(5, 8)",100.0,2.799999999999996,0.0,0.0
76,"(6, 1)",100.0,3.0999999999999974,0.0,0.0
76,"(6, 6)",100.0,9.56666666666668,0.0,0.0
76,"(6, 7)",100.0,9.56666666666668,0.0,0.0
76,"(7, 7)",100.0,9.56666666666668,0.0,0.0
76,"(8, 6)",100.0,100.0,0.0,0.0
76,"(9, 5)",100.0,100.0,0.0,0.0
76,"(9, 9)",100.0,3.099999999999999,0.0,0.0
77,"(0, 1)",100.0,3.099999999999985,0.0,0.0
77,"(0, 8)",100.0,3.4000000000000186,0.0,0.0
77,"(1, 1)",100.0,3.099999999999985,0.0,0.0
77,"(1, 3)",100.0,3.100000000000015,0.0,0.0
77,"(1, 5)",100.0,3.399999999999999,0.0,0.0
77,"(1, 9)",100.0,100.0,0.0,0.0
77,"(2, 0)",100.0,3.3999999999999972,0.0,0.0
77,"(2, 6)",100.0,5.600000000000003,0.0,0.0
77,"(2, 7)",100.0,5.600000000000003,0.0,0.0
77,"(2, 8)",100.0,5.600000000000003,0.0,0.0
77,"(3, 8)",100.0,5.600000000000003,0.0,0.0
77,"(4, 2)",100.0,3.400000000000001,0.0,0.0
77,"(5, 4)",100.0,8.400000000000011,0.0,0.0
77,"(5, 5)",100.0,8.400000000000011,0.0,0.0
77,"(5, 8)",100.0,3.0999999999999956,0.0,0.0
77,"(6, 1)",100.0,3.3999999999999972,0.0,0.0
77,"(6, 6)",100.0,9.866666666666681,0.0,0.0
77,"(6, 7)",100.0,9.866666666666681,0.0,0.0
77,"(7, 7)",100.0,9.866666666666681,0.0,0.0
77,"(8, 6)",100.0,100.0,0.0,0.0
77,"(9, 5)",100.0,100.0,0.0,0.0
77,"(9, 9)",100.0,3.399999999999999,0.0,0.0
78,"(0, 1)",100.0,3.399999999999985,0.0,0.0
78,"(0, 8)",100.0,3.7000000000000184,0.0,0.0
78,"(1, 1)",100.0,3.399999999999985,0.0,0.0
78,"(1, 3)",100.0,3.400000000000015,0.0,0.0
78,"(1, 5)",100.0,3.699999999999999,0.0,0.0
78,"(1, 9)",100.0,100.0,0.0,0.0
78,"(2, 0)",100.0,3.699999999999997,0.0,0.0
78,"(2, 6)",100.0,5.900000000000003,0.0,0.0
78,"(2, 7)",100.0,5.900000000000003,0.0,0.0
78,"(2, 8)",100.0,5.900000000000003,0.0,0.0
78,"(3, 8)",100.0,5.900000000000003,0.0,0.0
78,"(4, 2)",100.0,3.7000000000000006,0.0,0.0
78,"(5, 4)",100.0,8.700000000000012,0.0,0.0
78,"(5, 5)",100.0,8.700000000000012,0.0,0.0
78,"(5, 8)",100.0,3.3999999999999955,0.0,0.0
78,"(6, 1)",100.0,3.699999999999997,0.0,0.0
78,"(6, 6)",100.0,10.166666666666682,0.0,0.0
78,"(6, 7)",100.0,10.166666666666682,0.0,0.0
78,"(7, 7)",100.0,0.16666666666668206,0.0,0.0
78,"(8, 6)",100.0,100.0,0.0,0.0
78,"(9, 5)",100.0,100.0,0.0,0.0
78,"(9, 9)",100.0,3.699999999999999,0.0,0.0
79,"(0, 1)",100.0,3.6999999999999846,0.0,0.0
79,"(0, 8)",100.0,4.000000000000019,0.0,0.0
79,"(1, 1)",100.0,3.6999999999999846,0.0,0.0
79,"(1, 3)",100.0,3.700000000000015,0.0,0.0
79,"(1, 5)",100.0,3.9999999999999987,0.0,0.0
79,"(1, 9)",100.0,100.0,0.0,0.0
79,"(2, 0)",100.0,3.999999999999997,0.0,0.0
79,"(2, 6)",100.0,6.200000000000003,0.0,0.0
79,"(2, 7)",100.0,6.200000000000003,0.0,0.0
79,"(2, 8)",100.0,6.200000000000003,0.0,0.0
79,"(3, 8)",100.0,6.200000000000003,0.0,0.0
79,"(4, 2)",100.0,4.000000000000001,0.0,0.0
79,"(5, 4)",100.0,9.000000000000012,0.0,0.0
79,"(5, 5)",100.0,9.000000000000012,0.0,0.0
79,"(5, 8)",100.0,3.6999999999999953,0.0,0.0
79,"(6, 1)",100.0,3.999999999999997,0.0,0.0
79,"(6, 6)",100.0,7.133333333333349,0.0,0.0
79,"(6, 7)",100.0,7.133333333333349,0.0,0.0
79,"(7, 7)",100.0,7.133333333333349,0.0,0.0
79,"(8, 6)",100.0,100.0,0.0,0.0
79,"(9, 5)",100.0,100.0,0.0,0.0
79,"(9, 9)",100.0,3.9999999999999987,0.0,0.0
80,"(0, 1)",100.0,3.9999999999999845,0.0,0.0
80,"(0, 8)",100.0,4.3000000000000185,0.0,0.0
80,"(1, 1)",100.0,3.9999999999999845,0.0,0.0
80,"(1, 3)",100.0,4.000000000000015,0.0,0.0
80,"(1, 5)",100.0,4.299999999999999,0.0,0.0
80,"(1, 9)",100.0,100.0,0.0,0.0
80,"(2, 0)",100.0,4.299999999999997,0.0,0.0
80,"(2, 6)",100.0,6.500000000000003,0.0,0.0
80,"(2, 7)",100.0,6.500000000000003,0.0,0.0
80,"(2, 8)",100.0,6.500000000000003,0.0,0.0
80,"(3, 8)",100.0,6.500000000000003,0.0,0.0
80,"(4, 2)",100.0,4.300000000000001,0.0,0.0
80,"(5, 4)",100.0,9.300000000000013,0.0,0.0
80,"(5, 5)",100.0,9.300000000000013,0.0,0.0
80,"(5, 8)",100.0,3.999999999999995,0.0,0.0
80,"(6, 1)",100.0,4.299999999999997,0.0,0.0
80,"(6, 6)",100.0,7.43333333333335,0.0,0.0
80,"(6, 7)",100.0,7.43333333333335,0.0,0.0
80,"(7, 7)",100.0,7.43333333333335,0.0,0.0
80,"(8, 6)",100.0,100.0,0.0,0.0
80,"(9, 5)",100.0,100.0,0.0,0.0
80,"(9, 9)",100.0,4.299999999999999,0.0,0.0
81,"(0, 1)",100.0,4.299999999999985,0.0,0.0
81,"(0, 8)",100.0,4.600000000000018,0.0,0.0
81,"(1, 1)",100.0,4.299999999999985,0.0,0.0
81,"(1, 3)",100.0,4.300000000000015,0.0,0.0
81,"(1, 5)",100.0,4.599999999999999,0.0,0.0
81,"(1, 9)",100.0,100.0,0.0,0.0
81,"(2, 0)",100.0,4.599999999999997,0.0,0.0
81,"(2, 6)",100.0,6.8000000000000025,0.0,0.0
81,"(2, 7)",100.0,6.8000000000000025,0.0,0.0
81,"(2, 8)",100.0,6.8000000000000025,0.0,0.0
81,"(3, 8)",100.0,6.8000000000000025,0.0,0.0
81,"(4, 2)",100.0,4.6000000000000005,0.0,0.0
81,"(5, 4)",100.0,9.600000000000014,0.0,0.0
81,"(5, 5)",100.0,9.600000000000014,0.0,0.0
81,"(5, 8)",100.0,4.299999999999995,0.0,0.0
81,"(6, 1)",100.0,4.599999999999997,0.0,0.0
81,"(6, 6)",100.0,7.7333333333333485,0.0,0.0
81,"(6, 7)",100.0,7.7333333333333485,0.0,0.0
81,"(7, 7)",100.0,7.7333333333333485,0.0,0.0
81,"(8, 6)",100.0,100.0,0.0,0.0
81,"(9, 5)",100.0,100.0,0.0,0.0
81,"(9, 9)",100.0,4.599999999999999,0.0,0.0
82,"(0, 1)",100.0,4.5999999999999845,0.0,0.0
82,"(0, 8)",100.0,4.900000000000018,0.0,0.0
82,"(1, 1)",100.0,4.5999999999999845,0.0,0.0
82,"(1, 3)",100.0,4.600000000000015,0.0,0.0
82,"(1, 5)",100.0,4.899999999999999,0.0,0.0
82,"(1, 9)",100.0,100.0,0.0,0.0
82,"(2, 0)",100.0,4.899999999999997,0.0,0.0
82,"(2, 6)",100.0,7.100000000000002,0.0,0.0
82,"(2, 7)",100.0,7.100000000000002,0.0,0.0
82,"(2, 8)",100.0,7.100000000000002,0.0,0.0
82,"(3, 8)",100.0,7.100000000000002,0.0,0.0
82,"(4, 2)",100.0,4.9,0.0,0.0
82,"(5, 4)",100.0,9.900000000000015,0.0,0.0
82,"(5, 5)",100.0,9.900000000000015,0.0,0.0
82,"(5, 8)",100.0,4.599999999999995,0.0,0.0
82,"(6, 1)",100.0,4.899999999999997,0.0,0.0
82,"(6, 6)",100.0,8.03333333333335,0.0,0.0
82,"(6, 7)",100.0,8.03333333333335,0.0,0.0
82,"(7, 7)",100.0,8.03333333333335,0.0,0.0
82,"(8, 6)",100.0,100.0,0.0,0.0
82,"(9, 5)",100.0,100.0,0.0,0.0
82,"(9, 9)",100.0,4.899999999999999,0.0,0.0
83,"(0, 1)",100.0,4.899999999999984,0.0,0.0
83,"(0, 8)",100.0,5.200000000000018,0.0,0.0
83,"(1, 1)",100.0,4.899999999999984,0.0,0.0
83,"(1, 3)",100.0,4.900000000000015,0.0,0.0
83,"(1, 5)",100.0,5.199999999999998,0.0,0.0
83,"(1, 9)",100.0,100.0,0.0,0.0
83,"(2, 0)",100.0,5.199999999999997,0.0,0.0
83,"(2, 6)",100.0,7.400000000000002,0.0,0.0
83,"(2, 7)",100.0,7.400000000000002,0.0,0.0
83,"(2, 8)",100.0,7.400000000000002,0.0,0.0
83,"(3, 8)",100.0,7.400000000000002,0.0,0.0
83,"(4, 2)",100.0,5.2,0.0,0.0
83,"(5, 4)",100.0,10.200000000000015,0.0,0.0
83,"(5, 5)",100.0,10.200000000000015,0.0,0.0
83,"(5, 8)",100.0,4.899999999999995,0.0,0.0
83,"(6, 1)",100.0,5.199999999999997,0.0,0.0
83,"(6, 6)",100.0,8.33333333333335,0.0,0.0
83,"(6, 7)",100.0,8.33333333333335,0.0,0.0
83,"(7, 7)",100.0,8.33333333333335,0.0,0.0
83,"(8, 6)",100.0,100.0,0.0,0.0
83,"(9, 5)",100.0,100.0,0.0,0.0
83,"(9, 9)",100.0,5.199999999999998,0.0,0.0
84,"(0, 1)",100.0,5.199999999999984,0.0,0.0
84,"(0, 8)",100.0,5.500000000000018,0.0,0.0
84,"(1, 1)",100.0,5.199999999999984,0.0,0.0
84,"(1, 3)",100.0,5.200000000000014,0.0,0.0
84,"(1, 5)",100.0,5.499999999999998,0.0,0.0
84,"(1, 9)",100.0,100.0,0.0,0.0
84,"(2, 0)",100.0,5.4999999999999964,0.0,0.0
84,"(2, 6)",100.0,7.700000000000002,0.0,0.0
84,"(2, 7)",100.0,7.700000000000002,0.0,0.0
84,"(2, 8)",100.0,7.700000000000002,0.0,0.0
84,"(3, 8)",100.0,7.700000000000002,0.0,0.0
84,"(4, 2)",100.0,5.5,0.0,0.0
84,"(5, 4)",100.0,10.500000000000016,0.0,0.0
84,"(5, 5)",100.0,0.5000000000000153,0.0,0.0
84,"(5, 8)",100.0,5.199999999999995,0.0,0.0
84,"(6, 1)",100.0,5.4999999999999964,0.0,0.0
84,"(6, 6)",100.0,8.63333333333335,0.0,0.0
84,"(6, 7)",100.0,8.63333333333335,0.0,0.0
84,"(7, 7)",100.0,8.63333333333335,0.0,0.0
84,"(8, 6)",100.0,100.0,0.0,0.0
84,"(9, 5)",100.0,100.0,0.0,0.0
84,"(9, 9)",100.0,5.499999999999998,0.0,0.0
85,"(0, 1)",100.0,5.499999999999984,0.0,0.0
85,"(0, 8)",100.0,5.800000000000018,0.0,0.0
85,"(1, 1)",100.0,5.499999999999984,0.0,0.0
85,"(1, 3)",100.0,5.500000000000014,0.0,0.0
85,"(1, 5)",100.0,5.799999999999998,0.0,0.0
85,"(1, 9)",100.0,100.0,0.0,0.0
85,"(2, 0)",100.0,5.799999999999996,0.0,0.0
85,"(2, 6)",100.0,8.000000000000002,0.0,0.0
85,"(2, 7)",100.0,8.000000000000002,0.0,0.0
85,"(2, 8)",100.0,8.000000000000002,0.0,0.0
85,"(3, 8)",100.0,8.000000000000002,0.0,0.0
85,"(4, 2)",100.0,5.8,0.0,0.0
85,"(5, 4)",100.0,5.800000000000016,0.0,0.0
85,"(5, 5)",100.0,5.800000000000016,0.0,0.0
85,"(5, 8)",100.0,5.499999999999995,0.0,0.0
85,"(6, 1)",100.0,5.799999999999996,0.0,0.0
85,"(6, 6)",100.0,8.933333333333351,0.0,0.0
85,"(6, 7)",100.0,8.933333333333351,0.0,0.0
85,"(7, 7)",100.0,8.933333333333351,0.0,0.0
85,"(8, 6)",100.0,100.0,0.0,0.0
85,"(9, 5)",100.0,100.0,0.0,0.0
85,"(9, 9)",100.0,5.799999999999998,0.0,0.0
86,"(0, 1)",100.0,5.799999999999984,0.0,0.0
86,"(0, 8)",100.0,6.100000000000017,0.0,0.0
86,"(1, 1)",100.0,5.799999999999984,0.0,0.0
86,"(1, 3)",100.0,5.800000000000014,0.0,0.0
86,"(1, 5)",100.0,6.099999999999998,0.0,0.0
86,"(1, 9)",100.0,100.0,0.0,0.0
86,"(2, 0)",100.0,6.099999999999996,0.0,0.0
86,"(2, 6)",100.0,8.300000000000002,0.0,0.0
86,"(2, 7)",100.0,8.300000000000002,0.0,0.0
86,"(2, 8)",100.0,8.300000000000002,0.0,0.0
86,"(3, 8)",100.0,8.300000000000002,0.0,0.0
86,"(4, 2)",100.0,6.1,0.0,0.0
86,"(5, 4)",100.0,6.100000000000016,0.0,0.0
86,"(5, 5)",100.0,6.100000000000016,0.0,0.0
86,"(5, 8)",100.0,5.7999999999999945,0.0,0.0
86,"(6, 1)",100.0,6.099999999999996,0.0,0.0
86,"(6, 6)",100.0,9.233333333333352,0.0,0.0
86,"(6, 7)",100.0,9.233333333333352,0.0,0.0
86,"(7, 7)",100.0,9.233333333333352,0.0,0.0
86,"(8, 6)",100.0,100.0,0.0,0.0
86,"(9, 5)",100.0,100.0,0.0,0.0
86,"(9, 9)",100.0,6.099999999999998,0.0,0.0
87,"(0, 1)",100.0,6.099999999999984,0.0,0.0
87,"(0, 8)",100.0,6.400000000000017,0.0,0.0
87,"(1, 1)",100.0,6.099999999999984,0.0,0.0
87,"(1, 3)",100.0,6.100000000000014,0.0,0.0
87,"(1, 5)",100.0,6.399999999999998,0.0,0.0
87,"(1, 9)",100.0,100.0,0.0,0.0
87,"(2, 0)",100.0,6.399999999999996,0.0,0.0
87,"(2, 6)",100.0,8.600000000000003,0.0,0.0
87,"(2, 7)",100.0,8.600000000000003,0.0,0.0
87,"(2, 8)",100.0,8.600000000000003,0.0,0.0
87,"(3, 8)",100.0,8.600000000000003,0.0,0.0
87,"(4, 2)",100.0,6.3999999999999995,0.0,0.0
87,"(5, 4)",100.0,6.4000000000000155,0.0,0.0
87,"(5, 5)",100.0,6.4000000000000155,0.0,0.0
87,"(5, 8)",100.0,6.099999999999994,0.0,0.0
87,"(6, 1)",100.0,6.399999999999996,0.0,0.0
87,"(6, 6)",100.0,9.533333333333353,0.0,0.0
87,"(6, 7)",100.0,9.533333333333353,0.0,0.0
87,"(7, 7)",100.0,9.533333333333353,0.0,0.0
87,"(8, 6)",100.0,100.0,0.0,0.0
87,"(9, 5)",100.0,100.0,0.0,0.0
87,"(9, 9)",100.0,6.399999999999998,0.0,0.0
88,"(0, 1)",100.0,6.3999999999999835,0.0,0.0
88,"(0, 8)",100.0,6.700000000000017,0.0,0.0
88,"(1, 1)",100.0,6.3999999999999835,0.0,0.0
88,"(1, 3)",100.0,6.400000000000014,0.0,0.0
88,"(1, 5)",100.0,6.6999999999999975,0.0,0.0
88,"(1, 9)",100.0,100.0,0.0,0.0
88,"(2, 0)",100.0,6.699999999999996,0.0,0.0
88,"(2, 6)",100.0,8.900000000000004,0.0,0.0
88,"(2, 7)",100.0,8.900000000000004,0.0,0.0
88,"(2, 8)",100.0,8.900000000000004,0.0,0.0
88,"(3, 8)",100.0,8.900000000000004,0.0,0.0
88,"(4, 2)",100.0,6.699999999999999,0.0,0.0
88,"(5, 4)",100.0,6.700000000000015,0.0,0.0
88,"(5, 5)",100.0,6.700000000000015,0.0,0.0
88,"(5, 8)",100.0,6.399999999999994,0.0,0.0
88,"(6, 1)",100.0,6.699999999999996,0.0,0.0
88,"(6, 6)",100.0,9.833333333333353,0.0,0.0
88,"(6, 7)",100.0,9.833333333333353,0.0,0.0
88,"(7, 7)",100.0,9.833333333333353,0.0,0.0
88,"(8, 6)",100.0,100.0,0.0,0.0
88,"(9, 5)",100.0,100.0,0.0,0.0
88,"(9, 9)",100.0,6.6999999999999975,0.0,0.0
89,"(0, 1)",100.0,6.699999999999983,0.0,0.0
89,"(0, 8)",100.0,7.000000000000017,0.0,0.0
89,"(1, 1)",100.0,6.699999999999983,0.0,0.0
89,"(1, 3)",100.0,6.7000000000000135,0.0,0.0
89,"(1, 5)",100.0,6.999999999999997,0.0,0.0
89,"(1, 9)",100.0,100.0,0.0,0.0
89,"(2, 0)",100.0,6.999999999999996,0.0,0.0
89,"(2, 6)",100.0,9.200000000000005,0.0,0.0
89,"(2, 7)",100.0,9.200000000000005,0.0,0.0
89,"(2, 8)",100.0,9.200000000000005,0.0,0.0
89,"(3, 8)",100.0,9.200000000000005,0.0,0.0
89,"(4, 2)",100.0,6.999999999999999,0.0,0.0
89,"(5, 4)",100.0,7.000000000000015,0.0,0.0
89,"(5, 5)",100.0,7.000000000000015,0.0,0.0
89,"(5, 8)",100.0,6.699999999999994,0.0,0.0
89,"(6, 1)",100.0,6.999999999999996,0.0,0.0
89,"(6, 6)",100.0,10.133333333333354,0.0,0.0
89,"(6, 7)",100.0,10.133333333333354,0.0,0.0
89,"(7, 7)",100.0,0.13333333333335418,0.0,0.0
89,"(8, 6)",100.0,100.0,0.0,0.0
89,"(9, 5)",100.0,100.0,0.0,0.0
89,"(9, 9)",100.0,6.999999999999997,0.0,0.0
90,"(0, 1)",100.0,6.999999999999983,0.0,0.0
90,"(0, 8)",100.0,7.300000000000017,0.0,0.0
90,"(1, 1)",100.0,6.999999999999983,0.0,0.0
90,"(1, 3)",100.0,7.000000000000013,0.0,0.0
90,"(1, 5)",100.0,7.299999999999997,0.0,0.0
90,"(1, 9)",100.0,100.0,0.0,0.0
90,"(2, 0)",100.0,7.299999999999995,0.0,0.0
90,"(2, 6)",100.0,9.500000000000005,0.0,0.0
90,"(2, 7)",100.0,9.500000000000005,0.0,0.0
90,"(2, 8)",100.0,9.500000000000005,0.0,0.0
90,"(3, 8)",100.0,9.500000000000005,0.0,0.0
90,"(4, 2)",100.0,7.299999999999999,0.0,0.0
90,"(5, 4)",100.0,7.300000000000015,0.0,0.0
90,"(5, 5)",100.0,7.300000000000015,0.0,0.0
90,"(5, 8)",100.0,6.999999999999994,0.0,0.0
90,"(6, 1)",100.0,7.299999999999995,0.0,0.0
90,"(6, 6)",100.0,7.100000000000021,0.0,0.0
90,"(6, 7)",100.0,7.100000000000021,0.0,0.0
90,"(7, 7)",100.0,7.100000000000021,0.0,0.0
90,"(8, 6)",100.0,100.0,0.0,0.0
90,"(9, 5)",100.0,100.0,0.0,0.0
90,"(9, 9)",100.0,7.299999999999997,0.0,0.0
91,"(0, 1)",100.0,7.299999999999983,0.0,0.0
91,"(0, 8)",100.0,7.6000000000000165,0.0,0.0
91,"(1, 1)",100.0,7.299999999999983,0.0,0.0
91,"(1, 3)",100.0,7.300000000000013,0.0,0.0
91,"(1, 5)",100.0,7.599999999999997,0.0,0.0
91,"(1, 9)",100.0,100.0,0.0,0.0
91,"(2, 0)",100.0,7.599999999999995,0.0,0.0
91,"(2, 6)",100.0,9.800000000000006,0.0,0.0
91,"(2, 7)",100.0,9.800000000000006,0.0,0.0
91,"(2, 8)",100.0,9.800000000000006,0.0,0.0
91,"(3, 8)",100.0,9.800000000000006,0.0,0.0
91,"(4, 2)",100.0,7.599999999999999,0.0,0.0
91,"(5, 4)",100.0,7.600000000000015,0.0,0.0
91,"(5, 5)",100.0,7.600000000000015,0.0,0.0
91,"(5, 8)",100.0,7.299999999999994,0.0,0.0
91,"(6, 1)",100.0,7.599999999999995,0.0,0.0
91,"(6, 6)",100.0,7.40000000000002,0.0,0.0
91,"(6, 7)",100.0,7.40000000000002,0.0,0.0
91,"(7, 7)",100.0,7.40000000000002,0.0,0.0
91,"(8, 6)",100.0,100.0,0.0,0.0
91,"(9, 5)",100.0,100.0,0.0,0.0
91,"(9, 9)",100.0,7.599999999999997,0.0,0.0
92,"(0, 1)",100.0,7.599999999999983,0.0,0.0
92,"(0, 8)",100.0,7.900000000000016,0.0,0.0
92,"(1, 1)",100.0,7.599999999999983,0.0,0.0
92,"(1, 3)",100.0,7.600000000000013,0.0,0.0
92,"(1, 5)",100.0,7.899999999999997,0.0,0.0
92,"(1, 9)",100.0,100.0,0.0,0.0
92,"(2, 0)",100.0,7.899999999999995,0.0,0.0
92,"(2, 6)",100.0,10.100000000000007,0.0,0.0
92,"(2, 7)",100.0,0.10000000000000675,0.0,0.0
92,"(2, 8)",100.0,10.100000000000007,0.0,0.0
92,"(3, 8)",100.0,0.10000000000000675,0.0,0.0
92,"(4, 2)",100.0,7.899999999999999,0.0,0.0
92,"(5, 4)",100.0,7.900000000000015,0.0,0.0
92,"(5, 5)",100.0,7.900000000000015,0.0,0.0
92,"(5, 8)",100.0,7.599999999999993,0.0,0.0
92,"(6, 1)",100.0,7.899999999999995,0.0,0.0
92,"(6, 6)",100.0,7.70000000000002,0.0,0.0
92,"(6, 7)",100.0,7.70000000000002,0.0,0.0
92,"(7, 7)",100.0,7.70000000000002,0.0,0.0
92,"(8, 6)",100.0,100.0,0.0,0.0
92,"(9, 5)",100.0,100.0,0.0,0.0
92,"(9, 9)",100.0,7.899999999999997,0.0,0.0
93,"(0, 1)",100.0,7.899999999999983,0.0,0.0
93,"(0, 8)",100.0,8.200000000000017,0.0,0.0
93,"(1, 1)",100.0,7.899999999999983,0.0,0.0
93,"(1, 3)",100.0,7.900000000000013,0.0,0.0
93,"(1, 5)",100.0,8.199999999999998,0.0,0.0
93,"(1, 9)",100.0,100.0,0.0,0.0
93,"(2, 0)",100.0,8.199999999999996,0.0,0.0
93,"(2, 6)",100.0,5.400000000000007,0.0,0.0
93,"(2, 7)",100.0,5.400000000000007,0.0,0.0
93,"(2, 8)",100.0,5.400000000000007,0.0,0.0
93,"(3, 8)",100.0,5.400000000000007,0.0,0.0
93,"(4, 2)",100.0,8.2,0.0,0.0
93,"(5, 4)",100.0,8.200000000000015,0.0,0.0
93,"(5, 5)",100.0,8.200000000000015,0.0,0.0
93,"(5, 8)",100.0,7.899999999999993,0.0,0.0
93,"(6, 1)",100.0,8.199999999999996,0.0,0.0
93,"(6, 6)",100.0,8.00000000000002,0.0,0.0
93,"(6, 7)",100.0,8.00000000000002,0.0,0.0
93,"(7, 7)",100.0,8.00000000000002,0.0,0.0
93,"(8, 6)",100.0,100.0,0.0,0.0
93,"(9, 5)",100.0,100.0,0.0,0.0
93,"(9, 9)",100.0,8.199999999999998,0.0,0.0
94,"(0, 1)",100.0,8.199999999999983,0.0,0.0
94,"(0, 8)",100.0,8.500000000000018,0.0,0.0
94,"(1, 1)",100.0,8.199999999999983,0.0,0.0
94,"(1, 3)",100.0,8.200000000000014,0.0,0.0
94,"(1, 5)",100.0,8.499999999999998,0.0,0.0
94,"(1, 9)",100.0,100.0,0.0,0.0
94,"(2, 0)",100.0,8.499999999999996,0.0,0.0
94,"(2, 6)",100.0,5.700000000000006,0.0,0.0
94,"(2, 7)",100.0,5.700000000000006,0.0,0.0
94,"(2, 8)",100.0,5.700000000000006,0.0,0.0
94,"(3, 8)",100.0,5.700000000000006,0.0,0.0
94,"(4, 2)",100.0,8.5,0.0,0.0
94,"(5, 4)",100.0,8.500000000000016,0.0,0.0
94,"(5, 5)",100.0,8.500000000000016,0.0,0.0
94,"(5, 8)",100.0,8.199999999999994,0.0,0.0
94,"(6, 1)",100.0,8.499999999999996,0.0,0.0
94,"(6, 6)",100.0,8.30000000000002,0.0,0.0
94,"(6, 7)",100.0,8.30000000000002,0.0,0.0
94,"(7, 7)",100.0,8.30000000000002,0.0,0.0
94,"(8, 6)",100.0,100.0,0.0,0.0
94,"(9, 5)",100.0,100.0,0.0,0.0
94,"(9, 9)",100.0,8.499999999999998,0.0,0.0
95,"(0, 1)",100.0,8.499999999999984,0.0,0.0
95,"(0, 8)",100.0,8.800000000000018,0.0,0.0
95,"(1, 1)",100.0,8.499999999999984,0.0,0.0
95,"(1, 3)",100.0,8.500000000000014,0.0,0.0
95,"(1, 5)",100.0,8.799999999999999,0.0,0.0
95,"(1, 9)",100.0,100.0,0.0,0.0
95,"(2, 0)",100.0,8.799999999999997,0.0,0.0
95,"(2, 6)",100.0,6.000000000000006,0.0,0.0
95,"(2, 7)",100.0,6.000000000000006,0.0,0.0
95,"(2, 8)",100.0,6.000000000000006,0.0,0.0
95,"(3, 8)",100.0,6.000000000000006,0.0,0.0
95,"(4, 2)",100.0,8.8,0.0,0.0
95,"(5, 4)",100.0,8.800000000000017,0.0,0.0
95,"(5, 5)",100.0,8.800000000000017,0.0,0.0
95,"(5, 8)",100.0,8.499999999999995,0.0,0.0
95,"(6, 1)",100.0,8.799999999999997,0.0,0.0
95,"(6, 6)",100.0,8.600000000000021,0.0,0.0
95,"(6, 7)",100.0,8.600000000000021,0.0,0.0
95,"(7, 7)",100.0,8.600000000000021,0.0,0.0
95,"(8, 6)",100.0,100.0,0.0,0.0
95,"(9, 5)",100.0,100.0,0.0,0.0
95,"(9, 9)",100.0,8.799999999999999,0.0,0.0
96,"(0, 1)",100.0,8.799999999999985,0.0,0.0
96,"(0, 8)",100.0,9.10000000000002,0.0,0.0
96,"(1, 1)",100.0,8.799999999999985,0.0,0.0
96,"(1, 3)",100.0,8.800000000000015,0.0,0.0
96,"(1, 5)",100.0,9.1,0.0,0.0
96,"(1, 9)",100.0,100.0,0.0,0.0
96,"(2, 0)",100.0,9.099999999999998,0.0,0.0
96,"(2, 6)",100.0,6.300000000000006,0.0,0.0
96,"(2, 7)",100.0,6.300000000000006,0.0,0.0
96,"(2, 8)",100.0,6.300000000000006,0.0,0.0
96,"(3, 8)",100.0,6.300000000000006,0.0,0.0
96,"(4, 2)",100.0,9.100000000000001,0.0,0.0
96,"(5, 4)",100.0,9.100000000000017,0.0,0.0
96,"(5, 5)",100.0,9.100000000000017,0.0,0.0
96,"(5, 8)",100.0,8.799999999999995,0.0,0.0
96,"(6, 1)",100.0,9.099999999999998,0.0,0.0
96,"(6, 6)",100.0,8.900000000000022,0.0,0.0
96,"(6, 7)",100.0,8.900000000000022,0.0,0.0
96,"(7, 7)",100.0,8.900000000000022,0.0,0.0
96,"(8, 6)",100.0,100.0,0.0,0.0
96,"(9, 5)",100.0,100.0,0.0,0.0
96,"(9, 9)",100.0,9.1,0.0,0.0
97,"(0, 1)",100.0,9.099999999999985,0.0,0.0
97,"(0, 8)",100.0,9.40000000000002,0.0,0.0
97,"(1, 1)",100.0,9.099999999999985,0.0,0.0
97,"(1, 3)",100.0,9.100000000000016,0.0,0.0
97,"(1, 5)",100.0,9.4,0.0,0.0
97,"(1, 9)",100.0,100.0,0.0,0.0
97,"(2, 0)",100.0,9.399999999999999,0.0,0.0
97,"(2, 6)",100.0,6.600000000000006,0.0,0.0
97,"(2, 7)",100.0,6.600000000000006,0.0,0.0
97,"(2, 8)",100.0,6.600000000000006,0.0,0.0
97,"(3, 8)",100.0,6.600000000000006,0.0,0.0
97,"(4, 2)",100.0,9.400000000000002,0.0,0.0
97,"(5, 4)",100.0,9.400000000000018,0.0,0.0
97,"(5, 5)",100.0,9.400000000000018,0.0,0.0
97,"(5, 8)",100.0,9.099999999999996,0.0,0.0
97,"(6, 1)",100.0,9.399999999999999,0.0,0.0
97,"(6, 6)",100.0,9.200000000000022,0.0,0.0
97,"(6, 7)",100.0,9.200000000000022,0.0,0.0
97,"(7, 7)",100.0,9.200000000000022,0.0,0.0
97,"(8, 6)",100.0,100.0,0.0,0.0
97,"(9, 5)",100.0,100.0,0.0,0.0
97,"(9, 9)",100.0,9.4,0.0,0.0
98,"(0, 1)",100.0,9.399999999999986,0.0,0.0
98,"(0, 8)",100.0,9.70000000000002,0.0,0.0
98,"(1, 1)",100.0,9.399999999999986,0.0,0.0
98,"(1, 3)",100.0,9.400000000000016,0.0,0.0
98,"(1, 5)",100.0,9.700000000000001,0.0,0.0
98,"(1, 9)",100.0,100.0,0.0,0.0
98,"(2, 0)",100.0,9.7,0.0,0.0
98,"(2, 6)",100.0,6.900000000000006,0.0,0.0
98,"(2, 7)",100.0,6.900000000000006,0.0,0.0
98,"(2, 8)",100.0,6.900000000000006,0.0,0.0
98,"(3, 8)",100.0,6.900000000000006,0.0,0.0
98,"(4, 2)",100.0,9.700000000000003,0.0,0.0
98,"(5, 4)",100.0,9.700000000000019,0.0,0.0
98,"(5, 5)",100.0,9.700000000000019,0.0,0.0
98,"(5, 8)",100.0,9.399999999999997,0.0,0.0
98,"(6, 1)",100.0,9.7,0.0,0.0
98,"(6, 6)",100.0,9.500000000000023,0.0,0.0
98,"(6, 7)",100.0,9.500000000000023,0.0,0.0
98,"(7, 7)",100.0,9.500000000000023,0.0,0.0
98,"(8, 6)",100.0,100.0,0.0,0.0
98,"(9, 5)",100.0,100.0,0.0,0.0
98,"(9, 9)",100.0,9.700000000000001,0.0,0.0
99,"(0, 1)",100.0,9.699999999999987,0.0,0.0
99,"(0, 8)",100.0,10.000000000000021,0.0,0.0
99,"(1, 1)",100.0,9.699999999999987,0.0,0.0
99,"(1, 3)",100.0,9.700000000000017,0.0,0.0
99,"(1, 5)",100.0,10.000000000000002,0.0,0.0
99,"(1, 9)",100.0,100.0,0.0,0.0
99,"(2, 0)",100.0,10.0,0.0,0.0
99,"(2, 6)",100.0,7.2000000000000055,0.0,0.0
99,"(2, 7)",100.0,7.2000000000000055,0.0,0.0
99,"(2, 8)",100.0,7.2000000000000055,0.0,0.0
99,"(3, 8)",100.0,7.2000000000000055,0.0,0.0
99,"(4, 2)",100.0,10.000000000000004,0.0,0.0
99,"(5, 4)",100.0,10.00000000000002,0.0,0.0
99,"(5, 5)",100.0,10.00000000000002,0.0,0.0
99,"(5, 8)",100.0,9.699999999999998,0.0,0.0
99,"(6, 1)",100.0,10.0,0.0,0.0
99,"(6, 6)",100.0,9.800000000000024,0.0,0.0
99,"(6, 7)",100.0,9.800000000000024,0.0,0.0
99,"(7, 7)",100.0,9.800000000000024,0.0,0.0
99,"(8, 6)",100.0,100.0,0.0,0.0
99,"(9, 5)",100.0,100.0,0.0,0.0
99,"(9, 9)",100.0,10.000000000000002,0.0,0.0
